-- MySQL dump 10.13  Distrib 5.7.9, for osx10.9 (x86_64)
--
-- Host: localhost    Database: organism_database
-- ------------------------------------------------------
-- Server version	5.7.9

/*!40101 SET @OLD_CHARACTER_SET_CLIENT=@@CHARACTER_SET_CLIENT */;
/*!40101 SET @OLD_CHARACTER_SET_RESULTS=@@CHARACTER_SET_RESULTS */;
/*!40101 SET @OLD_COLLATION_CONNECTION=@@COLLATION_CONNECTION */;
/*!40101 SET NAMES utf8 */;
/*!40103 SET @OLD_TIME_ZONE=@@TIME_ZONE */;
/*!40103 SET TIME_ZONE='+00:00' */;
/*!40014 SET @OLD_UNIQUE_CHECKS=@@UNIQUE_CHECKS, UNIQUE_CHECKS=0 */;
/*!40014 SET @OLD_FOREIGN_KEY_CHECKS=@@FOREIGN_KEY_CHECKS, FOREIGN_KEY_CHECKS=0 */;
/*!40101 SET @OLD_SQL_MODE=@@SQL_MODE, SQL_MODE='NO_AUTO_VALUE_ON_ZERO' */;
/*!40111 SET @OLD_SQL_NOTES=@@SQL_NOTES, SQL_NOTES=0 */;

--
-- Table structure for table `assembly`
--

DROP TABLE IF EXISTS `assembly`;
/*!40101 SET @saved_cs_client     = @@character_set_client */;
/*!40101 SET character_set_client = utf8 */;
CREATE TABLE `assembly` (
  `assembly_id` int(11) NOT NULL AUTO_INCREMENT,
  `species_id` int(11) NOT NULL,
  `n50_val` int(11) NOT NULL,
  `tot_num_contigs` int(11) NOT NULL,
  `max_contig_length` int(11) NOT NULL,
  `sum_read_len` int(11) NOT NULL,
  `16s_identity` int(5) NOT NULL,
  PRIMARY KEY (`assembly_id`),
  KEY `species_id` (`species_id`),
  CONSTRAINT `assembly_ibfk_1` FOREIGN KEY (`species_id`) REFERENCES `species_strain` (`species_strain_taxa_id`) ON UPDATE CASCADE
) ENGINE=InnoDB AUTO_INCREMENT=32 DEFAULT CHARSET=latin1;
/*!40101 SET character_set_client = @saved_cs_client */;

--
-- Dumping data for table `assembly`
--

LOCK TABLES `assembly` WRITE;
/*!40000 ALTER TABLE `assembly` DISABLE KEYS */;
INSERT INTO `assembly` VALUES (1,1310833,2124676,109,3806417,9110401,100),(2,1341679,3184247,1,3184247,3184247,99),(3,1144661,3104554,2,3104554,3285322,100),(4,1348623,5028383,7,5028383,5631140,100),(5,1138452,5081557,4,5081557,5344679,100),(6,293386,3833108,3,3833108,3885042,100),(7,570416,4235094,8,4235094,6713276,100),(8,1219687,4180554,2,4180554,4214455,99),(9,375700,4931764,5,4931764,5597902,100),(10,1761774,2590859,2,2590859,2677688,100),(11,450181,39516,878,176732,23161966,100),(12,95614,3555640,1,3555640,3555640,100),(13,1329856,4826718,1,4826718,4826718,100),(14,1329833,4737080,4,4737080,4756305,100),(15,436913,736708,119,4143232,8355437,100),(16,1305732,2626467,94,2626467,4410853,100),(17,1344956,3405429,2,3405429,3484136,100),(18,596312,362887,39,1291806,4085863,100),(19,367110,11682,2015,84248,11625463,100),(20,134560,3098701,42,3098701,3249446,97),(21,553,4641379,3,4641379,4963767,100),(22,1215114,5095826,1,5095826,5095826,100),(23,66270,1132377,37,2163788,5352078,100),(24,660596,4483538,2,4483538,4769131,100),(25,996285,4554645,1,4554645,4554645,100),(26,1358411,5299,25,12570,76242,100),(27,189451,111656,434,378336,18163319,100),(28,443224,58516,34,59187,211367,99),(29,1239307,3953578,8,3953578,5169985,98),(30,904802,2632915,4,2632915,2696131,100);
/*!40000 ALTER TABLE `assembly` ENABLE KEYS */;
UNLOCK TABLES;

--
-- Table structure for table `citations`
--

DROP TABLE IF EXISTS `citations`;
/*!40101 SET @saved_cs_client     = @@character_set_client */;
/*!40101 SET character_set_client = utf8 */;
CREATE TABLE `citations` (
  `citation_id` int(11) NOT NULL AUTO_INCREMENT,
  `citation_name` text NOT NULL,
  PRIMARY KEY (`citation_id`)
) ENGINE=InnoDB AUTO_INCREMENT=5 DEFAULT CHARSET=latin1;
/*!40101 SET character_set_client = @saved_cs_client */;

--
-- Dumping data for table `citations`
--

LOCK TABLES `citations` WRITE;
/*!40000 ALTER TABLE `citations` DISABLE KEYS */;
INSERT INTO `citations` VALUES (1,'https://microbewiki.kenyon.edu'),(2,'https://en.wikipedia.org'),(3,'http://jgi.doe.gov'),(4,'http://www.ncbi.nlm.nih.gov');
/*!40000 ALTER TABLE `citations` ENABLE KEYS */;
UNLOCK TABLES;

--
-- Table structure for table `ecology`
--

DROP TABLE IF EXISTS `ecology`;
/*!40101 SET @saved_cs_client     = @@character_set_client */;
/*!40101 SET character_set_client = utf8 */;
CREATE TABLE `ecology` (
  `ecology_id` int(11) NOT NULL AUTO_INCREMENT,
  `ecology` varchar(50) NOT NULL,
  PRIMARY KEY (`ecology_id`),
  UNIQUE KEY `association` (`ecology`)
) ENGINE=InnoDB AUTO_INCREMENT=13 DEFAULT CHARSET=latin1;
/*!40101 SET character_set_client = @saved_cs_client */;

--
-- Dumping data for table `ecology`
--

LOCK TABLES `ecology` WRITE;
/*!40000 ALTER TABLE `ecology` DISABLE KEYS */;
INSERT INTO `ecology` VALUES (7,'Animals'),(11,'Disinfectants'),(5,'Dry surfaces'),(9,'Food'),(3,'Fresh water'),(6,'Hospitals'),(12,'Others'),(10,'Plants'),(4,'Salt water'),(8,'Skin'),(2,'Soil'),(1,'Ubiquitous');
/*!40000 ALTER TABLE `ecology` ENABLE KEYS */;
UNLOCK TABLES;

--
-- Table structure for table `energy_source`
--

DROP TABLE IF EXISTS `energy_source`;
/*!40101 SET @saved_cs_client     = @@character_set_client */;
/*!40101 SET character_set_client = utf8 */;
CREATE TABLE `energy_source` (
  `esource_id` int(11) NOT NULL AUTO_INCREMENT,
  `source_name` varchar(50) NOT NULL,
  PRIMARY KEY (`esource_id`)
) ENGINE=InnoDB DEFAULT CHARSET=latin1;
/*!40101 SET character_set_client = @saved_cs_client */;

--
-- Dumping data for table `energy_source`
--

LOCK TABLES `energy_source` WRITE;
/*!40000 ALTER TABLE `energy_source` DISABLE KEYS */;
/*!40000 ALTER TABLE `energy_source` ENABLE KEYS */;
UNLOCK TABLES;

--
-- Table structure for table `energy_source_species`
--

DROP TABLE IF EXISTS `energy_source_species`;
/*!40101 SET @saved_cs_client     = @@character_set_client */;
/*!40101 SET character_set_client = utf8 */;
CREATE TABLE `energy_source_species` (
  `ess_id` int(11) NOT NULL AUTO_INCREMENT,
  `esource_id` int(11) NOT NULL,
  `species_id` int(11) NOT NULL,
  PRIMARY KEY (`ess_id`),
  KEY `esource_id` (`esource_id`),
  KEY `species_id` (`species_id`),
  CONSTRAINT `energy_source_species_ibfk_1` FOREIGN KEY (`esource_id`) REFERENCES `energy_source` (`esource_id`) ON UPDATE CASCADE,
  CONSTRAINT `energy_source_species_ibfk_2` FOREIGN KEY (`species_id`) REFERENCES `species_strain` (`species_strain_taxa_id`) ON UPDATE CASCADE
) ENGINE=InnoDB DEFAULT CHARSET=latin1;
/*!40101 SET character_set_client = @saved_cs_client */;

--
-- Dumping data for table `energy_source_species`
--

LOCK TABLES `energy_source_species` WRITE;
/*!40000 ALTER TABLE `energy_source_species` DISABLE KEYS */;
/*!40000 ALTER TABLE `energy_source_species` ENABLE KEYS */;
UNLOCK TABLES;

--
-- Table structure for table `genus`
--

DROP TABLE IF EXISTS `genus`;
/*!40101 SET @saved_cs_client     = @@character_set_client */;
/*!40101 SET character_set_client = utf8 */;
CREATE TABLE `genus` (
  `genus_taxa_id` int(11) NOT NULL,
  `genus_name` varchar(50) NOT NULL,
  PRIMARY KEY (`genus_taxa_id`)
) ENGINE=InnoDB DEFAULT CHARSET=latin1;
/*!40101 SET character_set_client = @saved_cs_client */;

--
-- Dumping data for table `genus`
--

LOCK TABLES `genus` WRITE;
/*!40000 ALTER TABLE `genus` DISABLE KEYS */;
INSERT INTO `genus` VALUES (286,'Pseudomonas'),(469,'Acinetobacter'),(547,'Enterobacter'),(551,'Erwinia'),(1269,'Micrococcus'),(1279,'Staphylococcus'),(1386,'Bacillus'),(1839,'Nocardioides'),(2034,'Curtobacterium'),(5140,'Neurospora'),(5498,'Cladosporium'),(32008,'Burkholderia'),(33882,'Microbacterium'),(53335,'Pantoea'),(84565,'Sodalis'),(189450,'Papiliotrema'),(300251,'Paraconiothyrium');
/*!40000 ALTER TABLE `genus` ENABLE KEYS */;
UNLOCK TABLES;

--
-- Table structure for table `links`
--

DROP TABLE IF EXISTS `links`;
/*!40101 SET @saved_cs_client     = @@character_set_client */;
/*!40101 SET character_set_client = utf8 */;
CREATE TABLE `links` (
  `link_id` int(11) NOT NULL AUTO_INCREMENT,
  `link` varchar(255) NOT NULL,
  `species_id` int(11) NOT NULL,
  PRIMARY KEY (`link_id`),
  KEY `species_id` (`species_id`),
  CONSTRAINT `links_ibfk_1` FOREIGN KEY (`species_id`) REFERENCES `species_strain` (`species_strain_taxa_id`) ON UPDATE CASCADE
) ENGINE=InnoDB AUTO_INCREMENT=32 DEFAULT CHARSET=latin1;
/*!40101 SET character_set_client = @saved_cs_client */;

--
-- Dumping data for table `links`
--

LOCK TABLES `links` WRITE;
/*!40000 ALTER TABLE `links` DISABLE KEYS */;
INSERT INTO `links` VALUES (1,'https://img.jgi.doe.gov/cgi-bin/m/main.cgi?section=TaxonDetail&page=taxonDetail&taxon_oid=2582580846',1310833),(2,'https://img.jgi.doe.gov/cgi-bin/m/main.cgi?section=TaxonDetail&page=taxonDetail&taxon_oid=2579779046',1341679),(3,'https://img.jgi.doe.gov/cgi-bin/m/main.cgi?section=TaxonDetail&page=taxonDetail&taxon_oid=2565956657',1144661),(4,'https://img.jgi.doe.gov/cgi-bin/m/main.cgi?section=TaxonDetail&page=taxonDetail&taxon_oid=2627854068',1348623),(5,'https://img.jgi.doe.gov/cgi-bin/m/main.cgi?section=TaxonDetail&page=taxonDetail&taxon_oid=2548876779',1138452),(6,'https://img.jgi.doe.gov/cgi-bin/m/main.cgi?section=TaxonDetail&page=taxonDetail&taxon_oid=2630968550',293386),(7,'https://img.jgi.doe.gov/cgi-bin/m/main.cgi?section=TaxonDetail&page=taxonDetail&taxon_oid=2597490277',570416),(8,'-',1219687),(9,'-',375700),(10,'https://img.jgi.doe.gov/cgi-bin/m/main.cgi?section=TaxonDetail&page=taxonDetail&taxon_oid=2599185245',1761774),(11,'http://www.mycobank.org/name/Cladosporium%20bruhnei',450181),(12,'https://img.jgi.doe.gov/cgi-bin/m/main.cgi?section=TaxonDetail&page=taxonDetail&taxon_oid=2551306524',95614),(13,'https://img.jgi.doe.gov/cgi-bin/m/main.cgi?section=TaxonDetail&page=taxonDetail&taxon_oid=2576861517',1329856),(14,'https://img.jgi.doe.gov/cgi-bin/m/main.cgi?section=TaxonDetail&page=taxonDetail&taxon_oid=2576861515',1329833),(15,'-',436913),(16,'https://img.jgi.doe.gov/cgi-bin/m/main.cgi?section=TaxonDetail&page=taxonDetail&taxon_oid=2540341240',1305732),(17,'https://img.jgi.doe.gov/cgi-bin/m/main.cgi?section=TaxonDetail&page=taxonDetail&taxon_oid=2571042728',1344956),(18,'https://img.jgi.doe.gov/cgi-bin/m/main.cgi?section=TaxonDetail&page=taxonDetail&taxon_oid=647000274',596312),(19,'https://img.jgi.doe.gov/cgi-bin/m/main.cgi?section=TaxonDetail&page=taxonDetail&taxon_oid=640281015',367110),(20,'-',134560),(21,'-',553),(22,'https://img.jgi.doe.gov/cgi-bin/m/main.cgi?section=TaxonDetail&page=taxonDetail&taxon_oid=2585427683',1215114),(23,'https://img.jgi.doe.gov/cgi-bin/m/main.cgi?section=TaxonDetail&page=taxonDetail&taxon_oid=2600255084',66270),(24,'https://img.jgi.doe.gov/cgi-bin/m/main.cgi?section=TaxonDetail&page=taxonDetail&taxon_oid=2513237354',660596),(25,'-',996285),(26,'https://img.jgi.doe.gov/cgi-bin/m/main.cgi?section=TaxonDetail&page=taxonDetail&taxon_oid=2602041581',1358411),(27,'-',189451),(28,'-',443224),(29,'https://img.jgi.doe.gov/cgi-bin/m/main.cgi?section=TaxonDetail&page=taxonDetail&taxon_oid=2576861453',1239307),(30,'https://img.jgi.doe.gov/cgi-bin/m/main.cgi?section=TaxonDetail&page=taxonDetail&taxon_oid=2588253784',904802);
/*!40000 ALTER TABLE `links` ENABLE KEYS */;
UNLOCK TABLES;

--
-- Table structure for table `location_type`
--

DROP TABLE IF EXISTS `location_type`;
/*!40101 SET @saved_cs_client     = @@character_set_client */;
/*!40101 SET character_set_client = utf8 */;
CREATE TABLE `location_type` (
  `type_id` int(11) NOT NULL AUTO_INCREMENT,
  `type_name` varchar(30) NOT NULL,
  PRIMARY KEY (`type_id`)
) ENGINE=InnoDB AUTO_INCREMENT=3 DEFAULT CHARSET=latin1;
/*!40101 SET character_set_client = @saved_cs_client */;

--
-- Dumping data for table `location_type`
--

LOCK TABLES `location_type` WRITE;
/*!40000 ALTER TABLE `location_type` DISABLE KEYS */;
INSERT INTO `location_type` VALUES (1,'Indoor'),(2,'Outdoor');
/*!40000 ALTER TABLE `location_type` ENABLE KEYS */;
UNLOCK TABLES;

--
-- Table structure for table `locations`
--

DROP TABLE IF EXISTS `locations`;
/*!40101 SET @saved_cs_client     = @@character_set_client */;
/*!40101 SET character_set_client = utf8 */;
CREATE TABLE `locations` (
  `location_id` int(11) NOT NULL AUTO_INCREMENT,
  `location_name` varchar(150) NOT NULL,
  `location_type_id` int(11) NOT NULL,
  PRIMARY KEY (`location_id`),
  UNIQUE KEY `location_name` (`location_name`),
  KEY `location_type_id` (`location_type_id`),
  CONSTRAINT `locations_ibfk_1` FOREIGN KEY (`location_type_id`) REFERENCES `location_type` (`type_id`) ON UPDATE CASCADE
) ENGINE=InnoDB AUTO_INCREMENT=11 DEFAULT CHARSET=latin1;
/*!40101 SET character_set_client = @saved_cs_client */;

--
-- Dumping data for table `locations`
--

LOCK TABLES `locations` WRITE;
/*!40000 ALTER TABLE `locations` DISABLE KEYS */;
INSERT INTO `locations` VALUES (1,'Buona Vista',1),(2,'LT19A',2),(3,'SCS house',1),(4,'Nanyang Medows',2),(5,'NTU Sports and Recreational Center Stands',2),(6,'Pasir Ris Park',2),(7,'SCELSE B3 Extraction Lab',1),(8,'SCELSE B3 Multipurpose Room',1),(9,'St. John\'s Island',2),(10,'Changi Beach',2);
/*!40000 ALTER TABLE `locations` ENABLE KEYS */;
UNLOCK TABLES;

--
-- Table structure for table `media_types`
--

DROP TABLE IF EXISTS `media_types`;
/*!40101 SET @saved_cs_client     = @@character_set_client */;
/*!40101 SET character_set_client = utf8 */;
CREATE TABLE `media_types` (
  `media_type_id` int(11) NOT NULL AUTO_INCREMENT,
  `media_name` varchar(40) NOT NULL,
  PRIMARY KEY (`media_type_id`)
) ENGINE=InnoDB AUTO_INCREMENT=17 DEFAULT CHARSET=latin1;
/*!40101 SET character_set_client = @saved_cs_client */;

--
-- Dumping data for table `media_types`
--

LOCK TABLES `media_types` WRITE;
/*!40000 ALTER TABLE `media_types` DISABLE KEYS */;
INSERT INTO `media_types` VALUES (1,'MEA'),(2,'TSA'),(3,'R2A'),(4,'Blood'),(5,'PDA'),(6,'Marine'),(7,'Brain-Heart'),(8,'BHI'),(10,'Cellulose Peptone'),(11,'Cellulose-M9 salts'),(12,'HSA - 150 g/L'),(13,'HSA - 200 g/L'),(14,'Lignin'),(15,'Minimum Salt'),(16,'Vibrio');
/*!40000 ALTER TABLE `media_types` ENABLE KEYS */;
UNLOCK TABLES;

--
-- Table structure for table `projects`
--

DROP TABLE IF EXISTS `projects`;
/*!40101 SET @saved_cs_client     = @@character_set_client */;
/*!40101 SET character_set_client = utf8 */;
CREATE TABLE `projects` (
  `project_id` int(11) NOT NULL AUTO_INCREMENT,
  `project_name` varchar(20) NOT NULL,
  PRIMARY KEY (`project_id`)
) ENGINE=InnoDB AUTO_INCREMENT=3 DEFAULT CHARSET=latin1;
/*!40101 SET character_set_client = @saved_cs_client */;

--
-- Dumping data for table `projects`
--

LOCK TABLES `projects` WRITE;
/*!40000 ALTER TABLE `projects` DISABLE KEYS */;
INSERT INTO `projects` VALUES (1,'Air Isolates'),(2,'Ocean Day Sampling');
/*!40000 ALTER TABLE `projects` ENABLE KEYS */;
UNLOCK TABLES;

--
-- Table structure for table `samplers`
--

DROP TABLE IF EXISTS `samplers`;
/*!40101 SET @saved_cs_client     = @@character_set_client */;
/*!40101 SET character_set_client = utf8 */;
CREATE TABLE `samplers` (
  `sampler_id` int(11) NOT NULL AUTO_INCREMENT,
  `sampler_name` varchar(50) NOT NULL,
  PRIMARY KEY (`sampler_id`),
  UNIQUE KEY `sampler_name` (`sampler_name`)
) ENGINE=InnoDB AUTO_INCREMENT=3 DEFAULT CHARSET=latin1;
/*!40101 SET character_set_client = @saved_cs_client */;

--
-- Dumping data for table `samplers`
--

LOCK TABLES `samplers` WRITE;
/*!40000 ALTER TABLE `samplers` DISABLE KEYS */;
INSERT INTO `samplers` VALUES (1,'Andersen Single Stage Impactor N6'),(2,'QuickTake 30');
/*!40000 ALTER TABLE `samplers` ENABLE KEYS */;
UNLOCK TABLES;

--
-- Table structure for table `samples`
--

DROP TABLE IF EXISTS `samples`;
/*!40101 SET @saved_cs_client     = @@character_set_client */;
/*!40101 SET character_set_client = utf8 */;
CREATE TABLE `samples` (
  `sample_id` int(11) NOT NULL AUTO_INCREMENT,
  `sample_name` varchar(36) NOT NULL,
  `sampler_id` int(11) NOT NULL,
  `location_id` int(11) NOT NULL,
  `remarks` text NOT NULL,
  `project_id` int(11) NOT NULL,
  `sample_type` varchar(3) NOT NULL,
  `sampling_height` decimal(8,2) NOT NULL,
  `sampling_start_date` date NOT NULL,
  `sampling_time` time NOT NULL,
  `storage_method` varchar(20) NOT NULL,
  `media_type_id` int(11) NOT NULL,
  `collection_temperature` varchar(4) NOT NULL,
  `pacbio_seq` char(1) NOT NULL,
  `sequencer_id` int(11) NOT NULL,
  PRIMARY KEY (`sample_id`),
  UNIQUE KEY `sample_name` (`sample_name`),
  KEY `sampler_id` (`sampler_id`),
  KEY `location_id` (`location_id`),
  KEY `project_id` (`project_id`),
  KEY `media_type_id` (`media_type_id`),
  KEY `sequencer_id` (`sequencer_id`),
  CONSTRAINT `samples_ibfk_1` FOREIGN KEY (`sampler_id`) REFERENCES `samplers` (`sampler_id`) ON UPDATE CASCADE,
  CONSTRAINT `samples_ibfk_3` FOREIGN KEY (`location_id`) REFERENCES `locations` (`location_id`) ON UPDATE CASCADE,
  CONSTRAINT `samples_ibfk_4` FOREIGN KEY (`project_id`) REFERENCES `projects` (`project_id`) ON UPDATE CASCADE,
  CONSTRAINT `samples_ibfk_5` FOREIGN KEY (`media_type_id`) REFERENCES `media_types` (`media_type_id`) ON UPDATE CASCADE,
  CONSTRAINT `samples_ibfk_6` FOREIGN KEY (`sequencer_id`) REFERENCES `sequencer` (`sequencer_id`) ON UPDATE CASCADE
) ENGINE=InnoDB AUTO_INCREMENT=42 DEFAULT CHARSET=latin1;
/*!40101 SET character_set_client = @saved_cs_client */;

--
-- Dumping data for table `samples`
--

LOCK TABLES `samples` WRITE;
/*!40000 ALTER TABLE `samples` DISABLE KEYS */;
INSERT INTO `samples` VALUES (1,'ARISO001',1,2,'-',1,'FI',84.00,'2015-04-23','09:00:00','Slanted at 4C',1,'RT','Y',1),(2,'ARISO002',1,2,'-',1,'BI',84.00,'2015-04-23','09:00:00','Slanted at 4C',1,'RT','Y',1),(3,'ARISO006',1,2,'-',1,'BI',84.00,'2015-04-23','09:00:00','Frozen at -80C',1,'30C','Y',1),(4,'ARISO007',1,2,'-',1,'FI',84.00,'2015-04-23','09:00:00','Frozen at -80C',1,'30C','Y',1),(5,'ARISO031',1,2,'-',1,'BI',84.00,'2015-04-23','09:00:00','Frozen at -80C',2,'RT','Y',1),(6,'ARISO037',1,2,'-',1,'BI',84.00,'2015-04-23','09:00:00','Frozen at -80C',4,'30C','Y',1),(7,'ARISO038',1,2,'-',1,'BI',84.00,'2015-04-23','09:00:00','Frozen at -80C',6,'RT','Y',1),(8,'ARISO045',1,2,'-',1,'FI',84.00,'2015-04-23','09:00:00','Slanted at 4C',2,'RT','Y',1),(9,'ARISO046',1,2,'-',1,'FI',84.00,'2015-04-23','09:00:00','Slanted at 4C',7,'30C','Y',1),(10,'ARISO054',1,2,'-',1,'FI',84.00,'2015-04-23','09:00:00','Slanted at 4C',4,'RT','Y',1),(11,'ARISO095',1,3,'-',1,'BI',0.00,'2015-04-23','09:00:00','Frozen at -80C',6,'30C','Y',1),(12,'ARISO175',1,4,'-',1,'BI',0.00,'2015-04-23','09:00:00','Frozen at -80C',3,'RT','Y',1),(13,'ARISO178',1,4,'-',1,'BI',0.00,'2015-04-23','09:00:00','Frozen at -80C',10,'RT','Y',1),(14,'ARISO179',1,4,'-',1,'BI',0.00,'2015-04-21','10:45:00','Frozen at -80C',3,'RT','Y',1),(15,'ARISO180',1,5,'-',1,'BI',0.00,'2015-05-14','10:00:00','Frozen at -80C',5,'RT','Y',1),(16,'ARISO183',1,5,'-',1,'BI',0.00,'2015-05-14','10:00:00','Frozen at -80C',5,'RT','Y',1),(17,'ARISO184',1,4,'-',1,'BI',0.00,'2015-05-14','10:00:00','Frozen at -80C',6,'30C','Y',1),(18,'ARISO187',1,5,'-',1,'BI',0.00,'2015-05-14','16:00:00','Frozen at -80C',3,'RT','Y',1),(19,'ARISO191',1,5,'-',1,'BI',0.00,'2015-05-14','16:00:00','Frozen at -80C',10,'30C','Y',1),(20,'ARISO199',1,4,'-',1,'BI',0.00,'2015-05-14','10:00:00','Frozen at -80C',5,'30C','Y',1),(21,'ARISO202',1,4,'-',1,'BI',0.00,'2015-05-14','16:00:00','Frozen at -80C',5,'30C','Y',1),(22,'ARISO207',1,5,'-',1,'BI',0.00,'2015-05-14','16:00:00','Frozen at -80C',10,'RT','Y',1),(23,'ARISO208',1,5,'-',1,'BI',0.00,'2015-05-14','10:00:00','Frozen at -80C',10,'RT','Y',1),(24,'ARISO210',1,5,'-',1,'BI',0.00,'2015-05-14','10:00:00','Frozen at -80C',6,'RT','Y',1),(25,'ARISO215',1,5,'-',1,'BI',0.00,'2015-05-14','16:00:00','Frozen at -80C',14,'30C','Y',1),(26,'ARISO252',1,1,'-',1,'BI',110.00,'2015-05-14','16:00:00','Frozen at -80C',6,'30C','Y',1),(27,'ARISO269',1,1,'-',1,'BI',110.00,'2015-05-14','16:00:00','Frozen at -80C',7,'30C','Y',1),(28,'ARISO275',1,5,'-',1,'BI',0.00,'2015-05-14','16:00:00','Frozen at -80C',6,'RT','Y',1),(29,'ARISO282',1,5,'-',1,'BI',0.00,'2015-05-13','10:45:00','Frozen at -80C',5,'30C','Y',1),(30,'ARISO285',1,5,'-',1,'BI',0.00,'2015-05-13','10:45:00','Frozen at -80C',2,'30C','Y',1),(31,'ARISO287',1,1,'-',1,'BI',110.00,'2015-05-14','16:00:00','Frozen at -80C',3,'30C','Y',1),(32,'ARISO442',1,7,'-',1,'BI',0.00,'2015-05-14','16:00:00','Frozen at -80C',2,'30C','Y',1),(33,'ARISO444',1,8,'-',1,'BI',0.00,'2015-05-14','16:00:00','Frozen at -80C',1,'RT','Y',1),(34,'ARISO563',1,6,'-',1,'BI',80.00,'2015-05-13','10:45:00','Frozen at -80C',1,'30C','Y',1),(35,'ARISO564',1,8,'-',1,'BI',80.00,'2015-05-20','18:00:00','Frozen at -80C',2,'RT','Y',1),(36,'ARISO570',1,9,'-',1,'BI',0.00,'2015-06-02','18:00:00','Frozen at -80C',8,'RT','Y',1),(37,'ARISO571',1,9,'-',1,'BI',0.00,'2015-06-21','11:15:00','Frozen at -80C',5,'RT','Y',1),(38,'OSD15412',2,10,'-',2,'BI',0.00,'2015-07-13','18:00:00','Frozen at -80C',2,'RT','Y',1),(39,'OSD15418',2,9,'-',2,'BI',0.00,'2015-06-21','11:15:00','Frozen at -80C',5,'30C','Y',1),(40,'OSD15419',2,10,'-',2,'BI',0.00,'2015-06-21','11:15:00','Frozen at -80C',7,'RT','Y',1),(41,'OSD15471',2,9,'-',2,'BI',0.00,'2015-04-23','09:00:00','Frozen at -80C',5,'RT','Y',1);
/*!40000 ALTER TABLE `samples` ENABLE KEYS */;
UNLOCK TABLES;

--
-- Table structure for table `samples_users`
--

DROP TABLE IF EXISTS `samples_users`;
/*!40101 SET @saved_cs_client     = @@character_set_client */;
/*!40101 SET character_set_client = utf8 */;
CREATE TABLE `samples_users` (
  `sample_user_id` int(11) NOT NULL AUTO_INCREMENT,
  `sample_id` int(11) NOT NULL,
  `user_id` int(11) NOT NULL,
  PRIMARY KEY (`sample_user_id`),
  KEY `sample_id` (`sample_id`),
  KEY `user_id` (`user_id`),
  CONSTRAINT `samples_users_ibfk_1` FOREIGN KEY (`sample_id`) REFERENCES `samples` (`sample_id`) ON UPDATE CASCADE,
  CONSTRAINT `samples_users_ibfk_2` FOREIGN KEY (`user_id`) REFERENCES `users` (`user_id`) ON UPDATE CASCADE
) ENGINE=InnoDB AUTO_INCREMENT=64 DEFAULT CHARSET=latin1;
/*!40101 SET character_set_client = @saved_cs_client */;

--
-- Dumping data for table `samples_users`
--

LOCK TABLES `samples_users` WRITE;
/*!40000 ALTER TABLE `samples_users` DISABLE KEYS */;
INSERT INTO `samples_users` VALUES (1,1,1),(2,2,1),(3,3,1),(4,4,1),(5,5,1),(6,6,1),(7,7,1),(8,8,1),(9,9,1),(10,10,1),(11,11,1),(12,12,1),(13,12,4),(14,13,1),(15,13,4),(16,14,1),(17,14,4),(18,15,1),(19,15,4),(20,16,1),(21,16,4),(22,17,1),(23,17,4),(24,18,1),(25,18,4),(26,19,1),(27,19,4),(28,20,1),(29,20,4),(30,21,1),(31,21,4),(32,22,1),(33,22,4),(34,23,1),(35,23,4),(36,24,1),(37,24,4),(38,25,1),(39,25,4),(40,26,1),(41,26,5),(42,27,1),(43,27,5),(44,28,1),(45,28,4),(46,29,1),(47,29,4),(48,30,1),(49,30,4),(50,31,1),(51,31,5),(52,32,4),(53,33,4),(54,34,4),(55,35,4),(56,36,3),(57,36,4),(58,37,3),(59,37,4),(60,38,4),(61,39,4),(62,40,4),(63,41,4);
/*!40000 ALTER TABLE `samples_users` ENABLE KEYS */;
UNLOCK TABLES;

--
-- Table structure for table `sequencer`
--

DROP TABLE IF EXISTS `sequencer`;
/*!40101 SET @saved_cs_client     = @@character_set_client */;
/*!40101 SET character_set_client = utf8 */;
CREATE TABLE `sequencer` (
  `sequencer_id` int(11) NOT NULL AUTO_INCREMENT,
  `sequencer_name` varchar(10) NOT NULL,
  PRIMARY KEY (`sequencer_id`)
) ENGINE=InnoDB AUTO_INCREMENT=3 DEFAULT CHARSET=latin1;
/*!40101 SET character_set_client = @saved_cs_client */;

--
-- Dumping data for table `sequencer`
--

LOCK TABLES `sequencer` WRITE;
/*!40000 ALTER TABLE `sequencer` DISABLE KEYS */;
INSERT INTO `sequencer` VALUES (1,'PacBio'),(2,'454');
/*!40000 ALTER TABLE `sequencer` ENABLE KEYS */;
UNLOCK TABLES;

--
-- Table structure for table `sequences`
--

DROP TABLE IF EXISTS `sequences`;
/*!40101 SET @saved_cs_client     = @@character_set_client */;
/*!40101 SET character_set_client = utf8 */;
CREATE TABLE `sequences` (
  `sequences_id` int(11) NOT NULL AUTO_INCREMENT,
  `species_id` int(11) NOT NULL,
  `sequence` text NOT NULL,
  PRIMARY KEY (`sequences_id`),
  KEY `species_id` (`species_id`),
  CONSTRAINT `sequences_ibfk_1` FOREIGN KEY (`species_id`) REFERENCES `species_strain` (`species_strain_taxa_id`) ON UPDATE CASCADE
) ENGINE=InnoDB AUTO_INCREMENT=32 DEFAULT CHARSET=latin1;
/*!40101 SET character_set_client = @saved_cs_client */;

--
-- Dumping data for table `sequences`
--

LOCK TABLES `sequences` WRITE;
/*!40000 ALTER TABLE `sequences` DISABLE KEYS */;
INSERT INTO `sequences` VALUES (1,1310833,'>unitig_0_16SrRNA_1667822_166935\nAGGAGGTGATCCAGCCGCAGGTTCCCCTACGGCTACCTTGTTACGACTTCACCCCAGTCATCGGCCACACCGTGGTAACCGCCCTCTTTGCAGTTAGGCTAGCTACTTCTGGTGCAACAAACTCCCATGGTGTGACGGGCGGTGTGTACAAGGCCCGGGAACGTATTCACCGCGGCATTCTGATCCGCGATTACTAGCGATTCCGACTTCATGGAGTCGAGTTGCAGACTCCAATCCGGACTACGATCGGCTTTTTGAGATTAGCATCACATCGCTGTGTAGCAACCCTTTGTACCGACCATTGTAGCACGTGTGTAGCCCTGGCCGTAAGGGCCATGATGACTTGACGTCGTCCCCGCCTTCCTCCAGTTTGTCACTGGCAGTATCCTTAAAGTTCCCGACATTACTCGCTGGCAAATAAGGAAAAGGGTTGCGCTCGTTGCGGGACTTAACCCAACATCTCACGACACGAGCTGACGACAGCCATGCAGCACCTGTATGTAAGTTCCCGAAGGCACCAATCCATCTCTGGAAAGTTCTTACTATGTCAAGGCCAGGTAAGGTTCTTCGCGTTGCATCGAATTAAACCACATGCTCCACCGCTTGTGCGGGCCCCCGTCAATTCATTTGAGTTTTAGTCTTGCGACCGTACTCCCCAGGCGGTCTACTTATCGCGTTAGCTGCGCCACTAAAGCCTCAAAGGCCCCAACGGCTAGTAGACATCGTTTACGGCATGGACTACCAGGGTATCTAATCCTGTTTGCTCCCCATGCTTTCGCACCTCAGCGTCAGTGTTAGGCCAGATGGCTGCCTTCGCCATCGGTATTCCTCCAGATCTCTACGCATTTCACCGCTACACCTGGAATTCTACCATCCTCTCCCACACTCTAGCTAACCAGTATCGAATGCAATTCCCAAGTTAAGCTCGGGGATTTCACATTTGACTTAATTAGCCGCCTACGCGCGCTTTACGCCCAGTAAATCCGATTAACGCTTGCACCCTCTGTATTACCGCGGCTGCTGGCACAGAGTTAGCCGGTGCTTATTCTGCGAGTAACGTCCACTATCTCTAGGTATTATCTAAAGTAGCCTCCTCCTCGCTTAAAGTGCTTTACAACCATAAGGCCTTCTTCACACACGCGGCATGGCTGGATCAGGCTTGCGCCCATTGTCCAATATTCCCCACTGCTGCCTCCCGTAGGAGTCTGGGCCGTGTCTCAGTCCCAGTGTGGCGGATCATCCTCTCAGACCCGCTACAGATCGTCGCCTTGGTAGGCCTTTACCCCACCAACTAGCTAATCCGACTTAGGCTCATCTATTAGCGCAAGGTCCGAAGATCCCCTGCTTTCTCCCGTAGGACGTATGCGGTATTAGCATCCCTTTCGAGATGTTGTCCCCCACTAATAGGCAGATTCCTAAGCATTACTCACCCGTCCGCCGCTAGGTCCGGTAGCAAGCTACCTTCCCCCGCTCGACTTGCATGTGTTAAGCCTGCCGCCAGCGTTCAATCTGAGCCATGATCAAACTCTTCAG\n'),(2,1341679,'>unitig_0_16SrRNA_11780_1331\nTGAAGAGTTTGATCATGGCTCAGATTGAACGCTGGCGGCAGGCTTAACACATGCAAGTCGAGCGGGCGAGGTTGCTTCGGTAACTGAGCTAGCGGCGGACGGGTGAGTAATGCTTAGGAATCTGCCTATTAGTGGGGGACAACATTCCGAAAGGGATGCTAATACCGCATACGCCCTACGGGGGAAAGCAGGGGATCACTTGTGACCTTGCGCTAATAGATGAGCCTAAGTCGGATTAGCTAGTTGGTGGGGTAAAGGCCTACCAAGGCGACGATCTGTAGCGGGTCTGAGAGGATGATCCGCCACACTGGGACTGAGACACGGCCCAGACTCCTACGGGAGGCAGCAGTGGGGAATATTGGACAATGGGGGGAACCCTGATCCAGCCATGCCGCGTGTGTGAAGAAGGCCTTTTGGTTGTAAAGCACTTTAAGCGAGGAGGAGGCGCTCTAGGATAATACCCTAGATGCGTGGACGTTACTCGCAGAATAAGCACCGGCTAACTCTGTGCCAGCAGCCGCGGTAATACAGAGGGTGCGAGCGTTAATCGGATTTACTGGGCGTAAAGCGCGCGTAGGTGGCTAATTAAGTCAAATGTGAAATCCCCGAGCTTAACTTGGGAATTGCATTCGATACTGGTTAGCTAGAGTATGGGAGAGGATGGTAGAATTCCAGGTGTAGCGGTGAAATGCGTAGAGATCTGGAGGAATACCGATGGCGAAGGCAGCCATCTGGCCTAATACTGACACTGAGGTGCGAAAGCATGGGGAGCAAACAGGATTAGATACCCTGGTAGTCCATGCCGTAAACGATGTCTACTAGCCGTTGGGGCCTTTGAGGCTTTAGTGGCGCAGCTAACGCGATAAGTAGACCGCCTGGGGAGTACGGTCGCAAGACTAAAACTCAAATGAATTGACGGGGGCCCGCACAAGCGGTGGAGCATGTGGTTTAATTCGATGCAACGCGAAGAACCTTACCTGGCCTTGACATACAGAGAACTTTCCAGAGATGGATTGGTGCCTTCGGGAACTCTGATACAGGTGCTGCATGGCTGTCGTCAGCTCGTGTCGTGAGATGTTGGGTTAAGTCCCGCAACGAGCGCAACCCTTTTCCTTACTTGCCAGCATTTCGGATGGGAACTTTAAGGATACTGCCAGTGACAAACTGGAGGAAGGCGGGGACGACGTCAAGTCATCATGGCCCTTACGGCCAGGGCTACACACGTGCTACAATGGTCGGTACAAAGGGTTGCTACACAGCGATGTGATGCTAATCTCAAAAAGCCGATCGTAGTCCGGATTGGAGTCTGCAACTCGACTCCATGAAGTCGGAATCGCTAGTAATCGCGGATCAGAATGCCGCGGTGAATACGTTCCCGGGCCTTGTACACACCGCCCGTCACACCATGGGAGTTTGTTGCACCAGAAGTAGGTAGTCTAACCTTAGGGAGGGCGCTTACCACGGTGTGGCCGATGACTGGGGTGAAGTCGTAACAAGGTAGCCGTAGGGGAACCTGCGGCTGGATCACCTCCTT'),(3,1144661,'>unitig_0_16SrRNA_35138_3667\nAGGAGGTGATCCAGCCGCAGGTTCCCCTACGGCTACCTTGTTACGACTTCACCCCAGTCATCGGCCACACCGTGGTAAGCGTCCTCCTTGCGGTTAGACTACCTACTTCTGGTGCAACAAACTCCCATGGTGTGACGGGCGGTGTGTACAAGGCCCGGGAACGTATTCACCGCGGCATTCTGATCCGCGATTACTAGCGATTCCGACTTCACGCAGTCGAGTTGCAGACTGCGATCCGGACTACGATCGGCTTTTTGAGATTAGCATCCTCTCGCGAGGTAGCAACCCTTTGTACCGACCATTGTAGCACGTGTGTAGCCCTGGCCGTAAGGGCCATGATGACTTGACGTCGTCCCCGCCTTCCTCCAGTTTGTCACTGGCAGTATCCTTAAAGTTCCCGGCATTACCCGATGGCAAATAAGGAAAAGGGTTGCGCTCGTTGCGGGACTTAACCCAACATCTCACGACACGAGCTGACGACAGCCATGCAGCACCTGTATCTAAGTTCCCGAAGGCACCAATCCATCTCTGGAAAGTTCTTAGTATGTCAAGGCCAGGTAAGGTTCTTCGCGTTGCATCGAATTAAACCACATGCTCCACCGCTTGTGCGGGCCCCCGTCAATTCATTTGAGTTTTAGTCTTGCGACCGTACTCCCCAGGCGGTCTACTTATCGCGTTAGCTGCGCCACTAAAGCCTCAAAGGCCCCAACGGCTAGTAGACATCGTTTACGGCATGGACTACCAGGGTATCTAATCCTGTTTGCTCCCCATGCTTTCGTACCTCAGCGTCAGTATTAGGCCAGATGGCTGCCTTCGCCATCGGTATTCCTCCAGATCTCTACGCATTTCACCGCTACACCTGGAATTCTACCATCCTCTCCCATACTCTAGCTTTCCAGTATCGAATGCAATTCCTAAGTTAAGCTCAGGGATTTCACATCCGACTTAAAAAGCCGCCTACGCACGCTTTACGCCCAGTAAATCCGATTAACGCTCGCACCCTCTGTATTACCGCGGCTGCTGGCACAGAGTTAGCCGGTGCTTATTCTGCGAGTAACGTCCACTCACTTTAGGTATTAACTAAAGGAGCCTCCTCCTCGCTTAAAGTGCTTTACAACCAAAAGGCCTTCTTCACACACGCGGCATGGCTGGATCAGGCTTGCGCCCATTGTCCAATATTCCCCACTGCTGCCTCCCGTAGGAGTCTGGGCCGTGTCTCAGTCCCAGTGTGGCGGATCATCCTCTCAGACCCGCTACAGATCGTCGCCTTGGTAGGCCTTTACCCCACCAACTAGCTAATCCGACTTAGGCTCATCTATTAGCGCAAGGTCCGAAGATCCCCTGCTTTCCCCCGTAGGGCGTATGCGGTATTAGCGTTCCTTTCGGAACGTTGTCCCCCACTAATAGGCAGATTCCTAAGCATTACTCACCCGTCCGCCGCTAGGTCAGTTACCGAAGCAACCTTCCCCGCTCGACTTGCATGTGTTAAGCCTGCCGCCAGCGTTCAATCTGAGCCATGATCAAACTCTTCAG'),(4,1348623,'>unitig_0_16SrRNA_23948_2549\nAAGGAGGTGATCCAGCCGCACCTTCCGATACGGCTACCTTGTTACGACTTCACCCCAATCATCTGTCCCACCTTAGGCGGCTAGCTCCTTACGGTTACTCCACCGACTTCGGGTGTTACAAACTCTCGTGGTGTGACGGGCGGTGTGTACAAGGCCCGGGAACGTATTCACCGCGGCATGCTGATCCGCGATTACTAGCGATTCCAGCTTCATGTAGGCGAGTTGCAGCCTACAATCCGAACTGAGAATGGTTTTATGGGATTGGCTTGACCTCGCGGTCTTGCAGCCCTTTGTACCATCCATTGTAGCACGTGTGTAGCCCAGGTCATAAGGGGCATGATGATTTGACGTCATCCCCACCTTCCTCCGGTTTGTCACCGGCAGTCACCTTAGAGTGCCCAACTAAATGCTGGCAACTAAGATCAAGGGTTGCGCTCGTTGCGGGACTTAACCCAACATCTCACGACACGAGCTGACGACAACCATGCACCACCTGTCACTCTGTCCCCCGAAGGGGAACGCTCTATCTCTAGAGTTGTCAGAGGATGTCAAGACCTGGTAAGGTTCTTCGCGTTGCTTCGAATTAAACCACATGCTCCACCGCTTGTGCGGGCCCCCGTCAATTCCTTTGAGTTTCAGTCTTGCGACCGTACTCCCCAGGCGGAGTGCTTAATGCGTTAGCTGCAGCACTAAAGGGCGGAAACCCTCTAACACTTAGCACTCATCGTTTACGGCGTGGACTACCAGGGTATCTAATCCTGTTTGCTCCCCACGCTTTCGCGCCTCAGCGTCAGTTACAGACCAAAAAGCCGCCTTCGCCACTGGTGTTCCTCCACATCTCTACGCATTTCACCGCTACACGTGGAATTCCGCTTTTCTCTTCTGCACTCAAGTTCCCCAGTTTCCAATGACCCTCCACGGTTGAGCCGTGGGCTTTCACATCAGACTTAAGAAACCGCCTGCGCGCGCTTTACGCCCAATAATTCCGGATAACGCTTGCCACCTACGTATTACCGCGGCTGCTGGCACGTAGTTAGCCGTGGCTTTCTGGTTAGGTACCGTCAAGGTACGAGCAGTTACTCTCGTACTTGTTCTTCCCTAACAACAGAGTTTTACGACCCGAAAGCCTTCATCACTCACGCGGCGTTGCTCCGTCAGACTTTCGTCCATTGCGGAAGATTCCCTACTGCTGCCTCCCGTAGGAGTCTGGGCCGTGTCTCAGTCCCAGTGTGGCCGATCACCCTCTCAGGTCGGCTATGCATCGTTGCCTTGGTGAGCCGTTACCTCACCAACTAGCTAATGCACCGCGGGCCCATCTGCAAGTGATAGCCGAAACCATCTTTCAATCATCTCCCATGAAGGAGAAGATCCTATCCGGTATTAGCTTCGGTTTCCCGAAGTTATCCCAGTCTTACAGGCAGGTTGCCCACGTGTTACTCACCCGTCCGCCGCTAACGTCATAGAAGCAAGCTTCTAATCAGTTCGCTCGACTTGCATGTATTAGGCACGCCGCCAGCGTTCATCCTGAGCCAGGATCAAACTCTCCGA'),(5,1138452,'>unitig_0_16SrRNA_3484569_348611\nAAGGAGGTGATCCAGCCGCACCTTCCGATACGGCTACCTTGTTACGACTTCACCCCAATCATCTGTCCCACCTTAGGCGGCTAGCTCCTTACGGTTACTCCACCGACTTCGGGTGTTACAAACTCTCGTGGTGTGACGGGCGGTGTGTACAAGGCCCGGGAACGTATTCACCGCGGCATGCTGATCCGCGATTACTAGCGATTCCAGCTTCATGTAGGCGAGTTGCAGCCTACAATCCGAACTGAGAATGGTTTTATGGGATTGGCTTGACCTCGCGGTCTTGCAGCCCTTTGTACCATCCATTGTAGCACGTGTGTAGCCCAGGTCATAAGGGGCATGATGATTTGACGTCATCCCCACCTTCCTCCGGTTTGTCACCGGCAGTCACCTTAGAGTGCCCAACTAAATGCTGGCAACTAAGATCAAGGGTTGCGCTCGTTGCGGGACTTAACCCAACATCTCACGACACGAGCTGACGACAACCATGCACCACCTGTCACTCTGTCCCCCGAAGGGGAACGCTCTATCTCTAGAGTTGTCAGAGGATGTCAAGACCTGGTAAGGTTCTTCGCGTTGCTTCGAATTAAACCACATGCTCCACCGCTTGTGCGGGCCCCCGTCAATTCCTTTGAGTTTCAGTCTTGCGACCGTACTCCCCAGGCGGAGTGCTTAATGCGTTAGCTGCAGCACTAAAGGGCGGAAACCCTCTAACACTTAGCACTCATCGTTTACGGCGTGGACTACCAGGGTATCTAATCCTGTTTGCTCCCCACGCTTTCGCGCCTCAGCGTCAGTTACAGACCAAAAAGCCGCCTTCGCCACTGGTGTTCCTCCACATCTCTACGCATTTCACCGCTACACGTGGAATTCCGCTTTTCTCTTCTGCACTCAAGTTCCCCAGTTTCCAATGACCCTCCACGGTTGAGCCGTGGGCTTTCACATCAGACTTAAGAAACCGCCTGCGCGCGCTTTACGCCCAATAATTCCGGATAACGCTTGCCACCTACGTATTACCGCGGCTGCTGGCACGTAGTTAGCCGTGGCTTTCTGGTTAGGTACCGTCAAGGTACAAGCAGTTACTCTTGTACTTGTTCTTCCCTAACAACAGAGTTTTACGACCCGAAAGCCTTCATCACTCACGCGGCGTTGCTCCGTCAGACTTTCGTCCATTGCGGAAGATTCCCTACTGCTGCCTCCCGTAGGAGTCTGGGCCGTGTCTCAGTCCCAGTGTGGCCGATCACCCTCTCAGGTCGGCTATGCATCGTTGCCTTGGTGAGCCGTTACCTCACCAACTAGCTAATGCACCGCGGGCCCATCTGTAAGTGATAGCCGAAACCATCTTTCAATCATCTCCCATGAAGGAGAAGATCCTATCCGGTATTAGCTTCGGTTTCCCGAAGTTATCCCAGTCTTACAGGCAGGTTGCCCACGTGTTACTCACCCGTCCGCCGCTAACGTCATAGAAGCAAGCTTCTAATCAGTTCGCTCGACTTGCATGTATTAGGCACGCCGCCAGCGTTCATCCTGAGCCAGGATCAAACTCTCCGA'),(6,293386,'>unitig_0_16SrRNA_109922_11146\nAAGGAGGTGATCCAGCCGCACCTTCCGATACGGCTACCTTGTTACGACTTCACCCCAATCATCTGCCCCACCTTCGGCGGCTGGCTCCATAAAGGTTACCTCACCGACTTCGGGTGTTGCAAACTCTCGTGGTGTGACGGGCGGTGTGTACAAGGCCCGGGAACGTATTCACCGCGGCATGCTGATCCGCGATTACTAGCGATTCCAGCTTCACGCAGTCGAGTTGCAGACTGCGATCCGAACTGAGAACAGATTTGTGGGATTGGCTAAACCTTGCGGTCTCGCAGCCCTTTGTTCTGTCCATTGTAGCACGTGTGTAGCCCAGGTCATAAGGGGCATGATGATTTGACGTCATCCCCACCTTCCTCCGGTTTGTCACCGGCAGTCACCTTAGAGTGCCCAACTAAATGCTGGCAACTAAGATCAAGGGTTGCGCTCGTTGCGGGACTTAACCCAACATCTCACGACACGAGCTGACGACAACCATGCACCACCTGTCACTCTGTCCCCGAAGGGAAAGCCCTATCTCTAGGGTTGTCAGAGGATGTCAAGACCTGGTAAGGTTCTTCGCGTTGCTTCGAATTAAACCACATGCTCCACCGCTTGTGCGGGCCCCCGTCAATTCCTTTGAGTTTCAGTCTTGCGACCGTACTCCCCAGGCGGAGTGCTTAATGCGTTAGCTGCAGCACTAAGGGGCGGAAACCCCCTAACACTTAGCACTCATCGTTTACGGCGTGGACTACCAGGGTATCTAATCCTGTTCGCTCCCCACGCTTTCGCTCCTCAGCGTCAGTTACAGACCAGAGAGTCGCCTTCGCCACTGGTGTTCCTCCACATCTCTACGCATTTCACCGCTACACGTGGAATTCCACTCTCCTCTTCTGCACTCAAGTTTCCCAGTTTCCAATGACCCTCCCCGGTTGAGCCGGGGGCTTTCACATCAGACTTAAGAAACCGCCTGCGAGCCCTTTACGCCCAATAATTCCGGACAACGCTTGCCACCTACGTATTACCGCGGCTGCTGGCACGTAGTTAGCCGTGGCTTTCTGGTTAGGTACCGTCAAGGTGCAAGCAGTTACTCTTGCACTTGTTCTTCCCTAACAACAGAGCTTTACGATCCGAAAACCTTCATCACTCACGCGGCGTTGCTCCGTCAGACTTTCGTCCATTGCGGAAGATTCCCTACTGCTGCCTCCCGTAGGAGTCTGGGCCGTGTCTCAGTCCCAGTGTGGCCGATCACCCTCTCAGGTCGGCTACGCATCGTCGCCTTGGTGAGCCGTTACCTCACCAACTAGCTAATGCGCCGCGGGTCCATCTGTAAGTGACAGCCGAAACCGTCTTTCATCCTTGAACCATGCGGTTCAAGGAACTATCCGGTATTAGCTCCGGTTTCCCGGAGTTATCCCAGTCTTACAGGCAGGTTACCCACGTGTTACTCACCCGTCCGCCGCTAACATCCGGGAGCAAGCTCCCTTCTGTCCGCTCGACTTGCATGTATTAGGCACGCCGCCAGCGTTCGTCCTGAGCCAGGATCAAACTCTCCGAA'),(7,570416,'>unitig_0_16SrRNA_2543919_254546\nTTGGAGAGTTTGATCCTGGCTCAGGATGAACGCTGGCGGCGTGCCTAATACATGCAAGTCGAGCGAATGGATTAAGAGCTTGCTCTTATGAAGTTAGCGGCGGACGGGTGAGTAACACGTGGGTAACCTGCCCATAAGACTGGGATAACTCCGGGAAACCGGGGCTAATACCGGATAACATTTTGAACTGCATGGTTCGAAATTGAAAGGCGGCTTCGGCTGTCACTTATGGATGGACCCGCGTCGCATTAGCTAGTTGGTGAGGTAACGGCTCACCAAGGCAACGATGCGTAGCCGACCTGAGAGGGTGATCGGCCACACTGGGACTGAGACACGGCCCAGACTCCTACGGGAGGCAGCAGTAGGGAATCTTCCGCAATGGACGAAAGTCTGACGGAGCAACGCCGCGTGAGTGATGAAGGCTTTCGGGTCGTAAAACTCTGTTGTTAGGGAAGAACAAGTGCTAGTTGAATAAGCTGGCACCTTGACGGTACCTAACCAGAAAGCCACGGCTAACTACGTGCCAGCAGCCGCGGTAATACGTAGGTGGCAAGCGTTATCCGGAATTATTGGGCGTAAAGCGCGCGCAGGTGGTTTCTTAAGTCTGATGTGAAAGCCCACGGCTCAACCGTGGAGGGTCATTGGAAACTGGGAGACTTGAGTGCAGAAGAGGAAAGTGGAATTCCATGTGTAGCGGTGAAATGCGTAGAGATATGGAGGAACACCAGTGGCGAAGGCGACTTTCTGGTCTGTAACTGACACTGAGGCGCGAAAGCGTGGGGAGCAAACAGGATTAGATACCCTGGTAGTCCACGCCGTAAACGATGAGTGCTAAGTGTTAGAGGGTTTCCGCCCTTTAGTGCTGAAGTTAACGCATTAAGCACTCCGCCTGGGGAGTACGGCCGCAAGGCTGAAACTCAAAGGAATTGACGGGGGCCCGCACAAGCGGTGGAGCATGTGGTTTAATTCGAAGCAACGCGAAGAACCTTACCAGGTCTTGACATCCTCTGAAAACCCTAGAGATAGGGCTTCTCCTTCGGGAGCAGAGTGACAGGTGGTGCATGGTTGTCGTCAGCTCGTGTCGTGAGATGTTGGGTTAAGTCCCGCAACGAGCGCAACCCTTGATCTTAGTTGCCATCATTAAGTTGGGCACTCTAAGGTGACTGCCGGTGACAAACCGGAGGAAGGTGGGGATGACGTCAAATCATCATGCCCCTTATGACCTGGGCTACACACGTGCTACAATGGACGGTACAAAGAGCTGCAAGACCGCGAGGTGGAGCTAATCTCATAAAACCGTTCTCAGTTCGGATTGTAGGCTGCAACTCGCCTACATGAAGCTGGAATCGCTAGTAATCGCGGATCAGCATGCCGCGGTGAATACGTTCCCGGGCCTTGTACACACCGCCCGTCACACCACGAGAGTTTGTAACACCCGAAGTCGGTGGGGTAACCTTTTTGGAGCCAGCCGCCTAAGGTGGGACAGATGATTGGGGTGAAGTCGTAACAAGGTAGCCGTATCGGAAGGTGCGGCTGGATCACCTCCTTT'),(8,1219687,'>unitig_0_16SrRNA_441059_44257\nTGGAGAGTTTGATCCTGGCTCAGGATGAACGCTAGCGGCAGGCCTAATACATGCAAGTCGAACGAGTCCAGGGGCTTCGGTTCCTGGGTTAGTGGCGCACGGGTGCGTAACGCGTATGCAACCTGCCTTCCATAGGGGGATAGCCCACCGAAAGGTGGATTAATACCGCATAAGACAGCGGGGTGGCATCACCCTGCTGTTAAAGCTGAGGCGATGGAAGATGGGCATGCGTGCCATTAGCTAGTTGGCGGTGTAACGGACCACCAAGGCGACGATGGCTAGGGGTTCTGAGAGGATGGTCCCCCACACTGGTACTGAGACACGGACCAGACTCCTACGGGAGGCAGCAGTAGGGAATATTGGGCAATGGCCGCGAGGCTGACCCAGCCATGCCGCGTGCAGGAAGAAGGCCTTCTGGGTTGTAAACTGCTTTTACACGGGAAGAAAACGCCCCTGCGGGGGTAACTGACGGTACCGTGTGAATAAGCACCGGCTAACTCCGTGCCAGCAGCCGCGGTAATACGGAGGGTGCAAGCGTTGTCCGGATTTATTGGGTTTAAAGGGTGCGTAGGCGGCCTGCTAAGTCAGCGGTGAAATCCCGGGGCTCAACCCCGGAACTGCCGTTGATACTGGCGGGCTTGAGTTCGGTAGAGGCGGGCGGAACTCATGGTGTAGCGGTGAAATGCATAGATACCATGAAGAACCCCGATTGCGAAGGCAGCTCGCTGTGCCTGCAACTGACGCTGAGGCACGAAAGCGCGGGGAGCGAACAGGATTAGATACCCTGGTAGTCCGCGCCGTAAACGATGGTCACTCGATGTTGGCGATAGACGGCCAGCGTCCAAGCGAAAGCGTTAAGTGACCCACCTGGGGAGTACGCCCGCAAGGGTGAAACTCAAAGGAATTGACGGGGGCCCGCACAAGCGGTGGAGCATGTGGTTTAATTCGATGATACGCGAGGAACCTTACCTAGGCTAGAATGCGCGTGACGGCCCCAGAGATGGGGCTTCCCTTCGGGGCACAAAGCAAGGTGCTGCATGGCTGTCGTCAGCTCGTGCCGTGAGGTGTTGGGTTAAGTCCCGCAACGAGCGCAACCCCTACCTTTAGTTGCCAGCGGGTCAAGCCGGGGACTCTAAAGGGACTGCCTTCGCAAGAAGCGAGGAAGGCGGGGACGACGTCAAGTCATCATGGCCCTTACGCCTAGGGCTACACACGTGCTACAATGGCGCATACAGAGGGTCGCTACCTAGCGATAGGGTGCCAATCTCAAAAAGTGCGTCTCAGTTCGGATCGGAGTCTGCAACTCGACTCCGTGAAGCCGGAATCGCTAGTAATCGCGCATCAGCAACGGCGCGGTGAATACGTTCCCGGGCCTTGTACACACCGCCCGTCAAGCCATGGAAGTCAGGGAGACCTGAAGCCGGTGACCGTGAAAGGAGCCGTCTAGGGTAAAACTGGTAACTGGGGCTAAGTCGTAACAAGGTAGCCGTACCGGAAGGTGCGGCTGGATCACCTCCTTT'),(9,375700,'>unitig_0_16SrRNA_310562_31210\nATGGAGAGTTTGATCCTGGCTCAGGACGAACGCTGGCGGCGTGCCTAATACATGCAAGTCGAGCGGACGGATGGGAGCTTGCTCCCTGAAGTCAGCGGCGGACGGGTGAGTAACACGTGGGCAACCTGCCTGTAAGACTGGGATAACTCCGGGAAACCGGGGCTAATACCGGATAACTCTTTTCCTTACATGAGGAAAAGCTGAAAGATGGTTTCGGCTATCACTTACAGATGGGCCCGCGGCGCATTAGCTAGTTGGTGAGGTAACGGCTCACCAAGGCCACGATGCGTAGCCGACCTGAGAGGGTGATCGGCCACACTGGGACTGAGACACGGCCCAGACTCCTACGGGAGGCAGCAGTAGGGAATCTTCCGCAATGGACGAAAGTCTGACGGAGCAACGCCGCGTGAGTGATGAAGGTTTTCGGATCGTAAAACTCTGTTGTCAGGGAAGAACAAGTACCGGAGTAACTGCCGGTACCTTGACGGTACCTGACCAGAAAGCCACGGCTAACTACGTGCCAGCAGCCGCGGTAATACGTAGGTGGCAAGCGTTGTCCGGAATTATTGGGCGTAAAGCGCGCGCAGGCGGTTCCTTAAGTCTGATGTGAAAGCCCCCGGCTCAACCGGGGAGGGTCATTGGAAACTGGGGAACTTGAGTGCAGAAGAGAAGAGTGGAATTCCACGTGTAGCGGTGAAATGCGTAGAGATGTGGAGGAACACCAGTGGCGAAGGCGACTCTTTGGTCTGTAACTGACGCTGAGGCGCGAAAGCGTGGGGAGCAAACAGGATTAGATACCCTGGTAGTCCACGCCGTAAACGATGAGTGCTAAGTGTTAGAGGGTTTCCGCCCTTTAGTGCTGCAGCAAACGCATTAAGCACTCCGCCTGGGGAGTACGGCCGCAAGGCTGAAACTCAAAGGAATTGACGGGGGCCCGCACAAGCGGTGGAGCATGTGGTTTAATTCGAAGCAACGCGAAGAACCTTACCAGGTCTTGACATCTCCTGACAACCCTAGAGATAGGGCGTTCCCCTTCGGGGGACAGGATGACAGGTGGTGCATGGTTGTCGTCAGCTCGTGTCGTGAGATGTTGGGTTAAGTCCCGCAACGAGCGCAACCCTTGATCTTAGTTGCCAGCATTCAGTTGGGCACTCTAAGGTGACTGCCGGTGACAAACCGGAGGAAGGTGGGGATGACGTCAAATCATCATGCCCCTTATGACCTGGGCTACACACGTGCTACAATGGATGGTACAAAGGGCTGCAAGACCGCGAGGTTAAGCGAATCCCATAAAACCATTCTCAGTTCGGATTGCAGGCTGCAACTCGCCTGCATGAAGCCGGAATCGCTAGTAATCGCGGATCAGCATGCCGCGGTGAATACGTTCCCGGGCCTTGTACACACCGCCCGTCACACCACGAGAGTTTGTAACACCCGAAGTCGGTGGGGTAACCTTTTGGAGCCAGCCGCCTAAGGTGGGACAGATGATTGGGGTGAAGTCGTAACAAGGTAGCCGTATCGGAAGGTGCGGCTGGATCACCTCCTTT'),(10,1761774,'ACGGAGAGTTTGATCCTGGCTCAGGATGAACGCTGGCGGCGTGCTTAACACATGCAAGTCGAACGATGAAGCCCAGCTTGCTGGGTGGATTAGTGGCGAACGGGTGAGTAACACGTGAGTAACCTGCCCTTAACTCTGGGATAAGCCTGGGAAACTGGGTCTAATACCGGATAGGAGCGTCCACCGCATGGTGGGTGTTGGAAAGATTTATCGGTTTTGGATGGACTCGCGGCCTATCAGCTTGTTGGTGAGGTAATGGCTCACCAAGGCGACGACGGGTAGCCGGCCTGAGAGGGTGACCGGCCACACTGGGACTGAGACACGGCCCAGACTCCTACGGGAGGCAGCAGTGGGGAATATTGCACAATGGGCGAAAGCCTGATGCAGCGACGCCGCGTGAGGGATGACGGCCTTCGGGTTGTAAACCTCTTTCAGTAGGGAAGAAGCGAAAGTGACGGTACCTGCAGAAGAAGCACCGGCTAACTACGTGCCAGCAGCCGCGGTAATACGTAGGGTGCGAGCGTTATCCGGAATTATTGGGCGTAAAGAGCTCGTAGGCGGTTTGTCGCGTCTGTCGTGAAAGTCCGGGGCTTAACCCCGGATCTGCGGTGGGTACGGGCAGACTAGAGTGCAGTAGGGGAGACTGGAATTCCTGGTGTAGCGGTGGAATGCGCAGATATCAGGAGGAACACCGATGGCGAAGGCAGGTCTCTGGGCTGTAACTGACGCTGAGGAGCGAAAGCATGGGGAGCGAACAGGATTAGATACCCTGGTAGTCCATGCCGTAAACGTTGGGCACTAGGTGTGGGGACCATTCCACGGTTTCCGCGCCGCAGCTAACGCATTAAGTGCCCCGCCTGGGGAGTACGGCCGCAAGGCTAAAACTCAAAGGAATTGACGGGGGCCCGCACAAGCGGCGGAGCATGCGGATTAATTCGATGCAACGCGAAGAACCTTACCAAGGCTTGACATGTTCTCGATCGCCGTAGAGATACGGTTTCCCCTTTGGGGCGGGTTCACAGGTGGTGCATGGTTGTCGTCAGCTCGTGTCGTGAGATGTTGGGTTAAGTCCCGCAACGAGCGCAACCCTCGTTCCATGTTGCCAGCACGTAATGGTGGGGACTCATGGAAGACTGCCGGGGTCAACTCGGAGGAAGGTGAGGACGACGTCAAATCATCATGCCCCTTATGTCTTGGGCTTCACGCATGCTACAATGGCCGGTACAATGGGTTGCGATACTGTGAGGTGGAGCTAATCCCAAAAAGCCGGTCTCAGTTCGGATTGGGGTCTGCAACTCGACCCCATGAAGTCGGAGTCGCTAGTAATCGCAGATCAGCAACGCTGCGGTGAATACGTTCCCGGGCCTTGTACACACCGCCCGTCAAGTCACGAAAGTTGGTAACACCCGAAGCCGGTGGCCTAACCCTTGTGGGGGGAGCCGTCGAAGGTGGGACCAGCGATTGGGACTAAGTCGTAACAAGGTAGCCGTACCGGAAGGTGCGGCTGGATCACCTCCTTT'),(11,450181,'>unitig_27_18SrRNA_50158_5195\nTGATCCCTCCGCAGGTTCACCTACGGAGACCTTGTTACGACTTTTACTTCCTCTAAATGACCGGGTTTGACCAACTTTCCGGCCCTGGGTGGTCGTTGCCGACCTCCCTGGGCCAGTCCGAAGGCCTCACCGAGCCATTCAATCGGTAGTAGCGACGGGCGGTGTGTACAAAGGGCAGGGACGTAATCAACGCATGCTGATGACATGCGCTTACTAGGCATTCCTCGTTGAAGAGCAATAATTGCAATGCTCTATCCCCAGCACGACAGAGTTTAACAAGATTACCCAAACCTTTCGGCTAAGGAAATGAACTCGTTGGCTCTGTCAGTGTAGCGCGCGTGCGGCCCAGAACATCTAAGGGCATCACAGACCTGTTATTGCCTCAAACTTCCATCGGCTTGAGCCGATAGTCCCTCTAAGAAGCCGGCGACCCGCCAAAGCGGGCCTGGCTATTTAGCAGGTTAAGGTCTCGTTCGTTATCGCAATTAAGCAGACAAATCACTCCACCAACTAAGAACGGCCATGCACCACCACCCACAAAATCAAGAAAGAGCTCTCAATCTGTCAATCCTTATTGTGTCTGGACCTGGTGAGTTTCCCCGTGTTGAGTCAAATTAAGCCGCAGGCTCCACGCCTGGTGGTGCCCTTCCGTCAATTTCTTTAAGTTTCAGCCTTGCGACCATACTCCCCCCAGAACCCAAAAACTTTGATTTCTCGTAAGGTGCCGAACGGGTCAAAATACTAACACCGTCCGATCCCTAGTCGGCATAGTTTATGGTTAAGACTACGACGGTATCTGATCGTCTTCGATCCCCTAACTTTCGTTCACTGATTAATGAAAACATCCTTGGCAAATGCTTTCGCAGTAGTTAGTCTTCAATCAATCCAAGAATTTCACCTCTGACGATTGAATACTGATGCCCCCGACTATCCCTATTAATCATTACGGCGGTCCTAGAAACCAACAAAATAGAACCACACGTCCTATTCTATTATTCCATGCTAATGTATTCGAGCAAAGGCCTGCTTTGAACACTCTAATTTTTTCAAAGTAAAAGTCCTGGTTCCCCAACACGCCCAGTGAAGGGCATGAGGTTCCCCAGAAGGAAAGGCCCGGCCGGACCAGTACACGCGGTGAGGCGGACCGGCCAGCCAGGCCCAAGGTTCAACTACGAGCTTTTTAACTGCAACAACTTTAATATACGCTATTGGAGCTGGAATTACCGCGGCTGCTGGCACCAGACTTGCCCTCCAATTGTTCCTCGTTAAGGGATTTAAATTGTACTCATTCCAATTACAAGACCCAAAAGAGCCCTGTATCAGTATTTATTGTCACTACCTCCCCGTGTCGGGATTGGGTAATTTGCGCGCCTGCTGCCTTCCTTGGATGTGGTAGCCGTTTCTCAGGCTCCCTCTCCGGAGTCGAACCCTAATTCCCCGTTACCCGTTGATACCATGGTAGGCCACTATCCTACCATCGAAAGTTGATAGGGCAGAAATTTGAATGAACCATCGCCGGCGCAAGGCCATGCGATTCGTTAAGTTATTATGATTCACCAAGGAGCCCCGAAGGGCATTGGTTTTTTATCTAATAAATACACCCCTTCCGAAGTCGAGGTTTTTAGCATGTATTAGCTCTAGAATTACCACGGTTATCCATGTAGTAAGGTACTATCAAATAAACGATAACTGATTTAATGAGCCATTCGCAGTTTCACCGTATAGTTGCTTATACTTAGACATGCATGGCTTAATCTTTGAGACAAGCATATGACTACTGGCAGAATCAACCAGGT'),(12,95614,'>unitig_0_16SrRNA_1152964_115448\nACGGAGAGTTTGATCCTGGCTCAGGACGAACGCTGGCGGCGTGCTTAACACATGCAAGTCGAACGATGATGCCCAGCTTGCTGGGTGGATTAGTGGCGAACGGGTGAGTAACACGTGAGTAACCTGCCCCTGACTCTGGGATAAGCGTTGGAAACGACGTCTAATACTGGATACGACTGCCGGCCGCATGGTCTGGTGGTGGAAAGATTTTTTGGTTGGGGATGGACTCGCGGCCTATCAGCTTGTTGGTGAGGTAATGGCTCACCAAGGCGACGACGGGTAGCCGGCCTGAGAGGGTGACCGGCCACACTGGGACTGAGACACGGCCCAGACTCCTACGGGAGGCAGCAGTGGGGAATATTGCACAATGGGCGAAAGCCTGATGCAGCAACGCCGCGTGAGGGATGACGGCCTTCGGGTTGTAAACCTCTTTTAGTAGGGAAGAAGCGAAAGTGACGGTACCTGCAGAAAAAGCACCGGCTAACTACGTGCCAGCAGCCGCGGTAATACGTAGGGTGCAAGCGTTGTCCGGAATTATTGGGCGTAAAGAGCTCGTAGGCGGTTTGTCGCGTCTGCTGTGAAATCCCGAGGCTCAACCTCGGGCTTGCAGTGGGTACGGGCAGACTAGAGTGCGGTAGGGGAGATTGGAATTCCTGGTGTAGCGGTGGAATGCGCAGATATCAGGAGGAACACCGATGGCGAAGGCAGATCTCTGGGCCGTAACTGACGCTGAGGAGCGAAAGCGTGGGGAGCGAACAGGATTAGATACCCTGGTAGTCCACGCCGTAAACGTTGGGCGCTAGATGTAGGGATCTTTCCACGGTTTCTGTGTCGTAGCTAACGCATTAAGCGCCCCGCCTGGGGAGTACGGCCGCAAGGCTAAAACTCAAAGGAATTGACGGGGGCCCGCACAAGCGGCGGAGCATGCGGATTAATTCGATGCAACGCGAAGAACCTTACCAAGGCTTGACATACACCGGAAACAGCCAGAGATGGTTGCCCCCTTGTGGTCGGTGTACAGGTGGTGCATGGTTGTCGTCAGCTCGTGTCGTGAGATGTTGGGTTAAGTCCCGCAACGAGCGCAACCCTCGTTCTATGTTGCCAGCGCGTTATGGCGGGGACTCATAGGAGACTGCCGGGGTCAACTCGGAGGAAGGTGGGGATGACGTCAAATCATCATGCCCCTTATGTCTTGGGCTTCACGCATGCTACAATGGCCGGTACAAAGGGCTGCGATACCGTAAGGTGGAGCGAATCCCAAAAAGCCGGTCTCAGTTCGGATTGAGGTCTGCAACTCGACCTCATGAAGTCGGAGTCGCTAGTAATCGCAGATCAGCAACGCTGCGGTGAATACGTTCCCGGGCCTTGTACACACCGCCCGTCAAGTCATGAAAGTCGGTAACACCCGAAGCCGGTGGCCTAACCCTTGTGGAAGGAGCCGTCGAAGGTGGGATCGGTGATTAGGACTAAGTCGTAACAAGGTAGCCGTACCGGAAGGTGCGGCTGGATCACCTCCTTT'),(13,1329856,'>unitig_0_16SrRNA_1635502_163704\nAGGAGGTGATCCAACCGCAGGTTCCCCTACGGTTACCTTGTTACGACTTCACCCCAGTCATGAATCACAAAGTGGTAAGCGCCCTCCCGAAGGTTAAGCTACCTACTTCTTTTGCAACCCACTCCCATGGTGTGACGGGCGGTGTGTACAAGGCCCGGGAACGTATTCACCGTAGCATTCTGATCTACGATTACTAGCGATTCCGACTTCATGGAGTCGAGTTGCAGACTCCAATCCGGACTACGACGCACTTTATGAGGTCCGCTTGCTCTCGCGAGGTCGCTTCTCTTTGTATGCGCCATTGTAGCACGTGTGTAGCCCTACTCGTAAGGGCCATGATGACTTGACGTCATCCCCACCTTCCTCCAGTTTATCACTGGCAGTCTCCTTTGAGTTCCCGGCCTAACCGCTGGCAACAAAGGATAAGGGTTGCGCTCGTTGCGGGACTTAACCCAACATTTCACAACACGAGCTGACGACAGCCATGCAGCACCTGTCTCAGAGTTCCCGAAGGCACCAATCCATCTCTGGAAAGTTCTCTGGATGTCAAGAGTAGGTAAGGTTCTTCGCGTTGCATCGAATTAAACCACATGCTCCACCGCTTGTGCGGGCCCCCGTCAATTCATTTGAGTTTTAACCTTGCGGCCGTACTCCCCAGGCGGTCGACTTAACGCGTTAGCTCCGGAAGCCACGCCTCAAGGGCACAACCTCCAAGTCGACATCGTTTACGGCGTGGACTACCAGGGTATCTAATCCTGTTTGCTCCCCACGCTTTCGCACCTGAGCGTCAGTCTTTGTCCAGGGGGCCGCCTTCGCCACCGGTATTCCTCCAGATCTCTACGCATTTCACCGCTACACCTGGAATTCTACCCCCCTCTACAAGACTCTAGCCTGCCAGTTTCGAATGCAGTTCCCAGGTTGAGCCCGGGGATTTCACATCCGACTTGACAGACCGCCTGCGTGCGCTTTACGCCCAGTAATTCCGATTAACGCTTGCACCCTCCGTATTACCGCGGCTGCTGGCACGGAGTTAGCCGGTGCTTCTTCTGCGGGTAACGTCAATCGGTGAGGTTATTAACCTCACCGCCTTCCTCCCCGCTGAAAGTACTTTACAACCCGAAGGCCTTCTTCATACACGCGGCATGGCTGCATCAGGCTTGCGCCCATTGTGCAATATTCCCCACTGCTGCCTCCCGTAGGAGTCTGGACCGTGTCTCAGTTCCAGTGTGGCTGGTCATCCTCTCAGACCAGCTAGGGATCGTCGCCTAGGTGAGCCGTTACCCCACCTACTAGCTAATCCCATCTGGGCACATCTGATGGCAAGAGGCCCGAAGGTCCCCCTCTTTGGTCTTGCGACGTTATGCGGTATTAGCTACCGTTTCCAGTAGTTATCCCCCTCCATCAGGCAGTTTCCCAGACATTACTCACCCGTCCGCCGCTCGCCGGCAAAGTAGCAAGCTACTTTCCGCTGCCGCTCGACTTGCATGTGTTAGGCCTGCCGCCAGCGTTCAATCTGAGCCATGATCAAACTCTTCAAT'),(14,1329833,'>unitig_0_16SrRNA_810776_81231\nAGGAGGTGATCCAACCGCAGGTTCCCCTACGGTTACCTTGTTACGACTTCACCCCAGTCATGAATCACAAAGTGGTAAGCGCCCTCCCGAAGGTTAAGCTACCTACTTCTTTTGCAACCCACTCCCATGGTGTGACGGGCGGTGTGTACAAGGCCCGGGAACGTATTCACCGTAGCATTCTGATCTACGATTACTAGCGATTCCGACTTCATGGAGTCGAGTTGCAGACTCCAATCCGGACTACGACGCACTTTATGAGGTCCGCTTGCTCTCGCGAGGTCGCTTCTCTTTGTATGCGCCATTGTAGCACGTGTGTAGCCCTACTCGTAAGGGCCATGATGACTTGACGTCATCCCCACCTTCCTCCAGTTTATCACTGGCAGTCTCCTTTGAGTTCCCGGCCGGACCGCTGGCAACAAAGGATAAGGGTTGCGCTCGTTGCGGGACTTAACCCAACATTTCACAACACGAGCTGACGACAGCCATGCAGCACCTGTCTCAGAGTTCCCGAAGGCACCAAAGCATCTCTGCTAAGTTCTCTGGATGTCAAGAGTAGGTAAGGTTCTTCGCGTTGCATCGAATTAAACCACATGCTCCACCGCTTGTGCGGGCCCCCGTCAATTCATTTGAGTTTTAACCTTGCGGCCGTACTCCCCAGGCGGTCGACTTAACGCGTTAGCTCCGGAAGCCACGCCTCAAGGGCACAACCTCCAAGTCGACATCGTTTACGGCGTGGACTACCAGGGTATCTAATCCTGTTTGCTCCCCACGCTTTCGCACCTGAGCGTCAGTCTTTGTCCAGGGGGCCGCCTTCGCCACCGGTATTCCTCCAGATCTCTACGCATTTCACCGCTACACCTGGAATTCTACCCCCCTCTACAAGACTCTAGCCTGCCAGTTTCGAATGCAGTTCCCAGGTTGAGCCCGGGGATTTCACATCCGACTTGACAGACCGCCTGCGTGCGCTTTACGCCCAGTAATTCCGATTAACGCTTGCACCCTCCGTATTACCGCGGCTGCTGGCACGGAGTTAGCCGGTGCTTCTTCTGCGGGTAACGTCAATCGCTGAGGTTATTAACCTCAACGCCTTCCTCCCCGCTGAAAGTACTTTACAACCCGAAGGCCTTCTTCATACACGCGGCATGGCTGCATCAGGCTTGCGCCCATTGTGCAATATTCCCCACTGCTGCCTCCCGTAGGAGTCTGGACCGTGTCTCAGTTCCAGTGTGGCTGGTCATCCTCTCAGACCAGCTAGGGATCGTCGCCTAGGTGAGCCGTTACCCCACCTACTAGCTAATCCCATCTGGGCACATCTGATGGCAAGAGGCCCGAAGGTCCCCCTCTTTGGTCTTGCGACATTATGCGGTATTAGCTACCGTTTCCAGTAGTTATCCCCCTCCATCAGGCAGTTTCCCAGACATTACTCACCCGTCCGCCACTCGTCACCCGAGAGCAAGCTCTCTGTGCTACCGTTCGACTTGCATGTGTTAGGCCTGCCGCCAGCGTTCAATCTGAGCCATGATCAAACTCTTCAAT'),(15,436913,'>unitig_0_16SrRNA_121455_12299\nAGGAGGTGATCCAACCGCAGGTTCCCCTACGGTTACCTTGTTACGACTTCACCCCAGTCATGAATCACAAAGTGGTAAGCGCCCTCCCGAAGGTTAAGCTACCTACTTCTTTTGCAACCCACTCCCATGGTGTGACGGGCGGTGTGTACAAGGCCCGGGAACGTATTCACCGTAGCATTCTGATCTACGATTACTAGCGATTCCGACTTCATGGAGTCGAGTTGCAGACTCCAATCCGGACTACGACGCACTTTATGAGGTCCGCTTGCTCTCGCGAGGTCGCTTCTCTTTGTATGCGCCATTGTAGCACGTGTGTAGCCCTGGCCGTAAGGGCCATGATGACTTGACGTCATCCCCACCTTCCTCCGGTTTATCACCGGCAGTCTCCTTTGAGTTCCCGGCCGAGCCGCTGGCAACAAAGGATAAGGGTTGCGCTCGTTGCGGGACTTAACCCAACATTTCACAACACGAGCTGACGACAGCCATGCAGCACCTGTCTCAGAGTTCCCGAAGGCACCAAAGCATCTCTGCTAAGTTCTCTGGATGTCAAGGCCAGGTAAGGTTCTTCGCGTTGCATCGAATTAAACCACATGCTCCACCGCTTGTGCGGGCCCCCGTCAATTCATTTGAGTTTTAACCTTGCGGCCGTACTCCCCAGGCGGTCGACTTAACGCGTTAGCTCCGGAAGCCACGCCTCAAGGGCACAACCTCCAAGTCGACATCGTTTACGGCGTGGACTACCAGGGTATCTAATCCTGTTTGCTCCCCACGCTTTCGCACCTGAGCGTCAGTCTTCGTCCAGGGGGCCGCCTTCGCCACCGGTATTCCTCCAGATCTCTACGCATTTCACCGCTACACCTGGAATTCTACCCCCCTCTACGAGACTCAAGCCTGCCAGTTTCAAATGCAGTTCCCAGGTTAAGCCCGGGGATTTCACATCTGACTTAACAGACCGCCTGCGTGCGCTTTACGCCCAGTAATTCCGATTAACGCTTGCACCCTCCGTATTACCGCGGCTGCTGGCACGGAGTTAGCCGGTGCTTCTTCTGCGGGTAACGTCAATCGGCAAGGTTATTAACCTCACCGCCTTCCTCCCCGCTGAAAGTACTTTACAACCCGAAGGCCTTCTTCATACACGCGGCATGGCTGCATCAGGCTTGCGCCCATTGTGCAATATTCCCCACTGCTGCCTCCCGTAGGAGTCTGGACCGTGTCTCAGTTCCAGTGTGGCTGGTCATCCTCTCAGACCAGCTAGGGATCGTCGCCTAGGTGAGCCATTACCCCACCTACTAGCTAATCCCATCTGGGCACATCCGATGGTGTGAGGCCCGAAGGTCCCCCACTTTGGTCTTGCGACGTTATGCGGTATTAGCTACCGTTTCCAGTAGTTATCCCCCTCCATCGGGCAGTTTCCCAGACATTACTCACCCGTCCGCCACTCGCCACCCAAAGAGCAAGCTCTTCTGTGCTGCCGTTCGACTTGCATGTGTTAGGCCTGCCGCCAGCGTTCAATCTGAGCCATGATCAAACTCTTCAAT'),(16,1305732,'>unitig_0_16SrRNA_471274_47279\nACGGAGAGTTTGATCCTGGCTCAGGATGAACGCTGGCGGCGTGCTTAACACATGCAAGTCGAACGATGAAGCCCAGCTTGCTGGGTGGATTAGTGGCGAACGGGTGAGTAACACGTGAGTAACCTGCCCTTGACTCTGGGATAAGCCTGGGAAACTGGGTCTAATACCGGATAGGAACGTCCACCGCATGGTGGGTGTTGGAAAGAATTTCGGTCATGGATGGACTCGCGGCCTATCAGCTTGTTGGTGAGGTAATGGCTCACCAAGGCGACGACGGGTAGCCGGCCTGAGAGGGTGACCGGCCACACTGGGACTGAGACACGGCCCAGACTCCTACGGGAGGCAGCAGTGGGGAATATTGCACAATGGGCGAAAGCCTGATGCAGCGACGCCGCGTGAGGGATGACGGCCTTCGGGTTGTAAACCTCTTTCAGTAGGGAAGAAGCGAAAGTGACGGTACCTGCAGAAGAAGCACCGGCTAACTACGTGCCAGCAGCCGCGGTAATACGTAGGGTGCGAGCGTTATCCGGAATTATTGGGCGTAAAGAGCTCGTAGGCGGTTTGTCGCGTCTGTCGTGAAAGTCCGGGGCTTAACCCCGGATCTGCGGTGGGTACGGGCAGACTAGAGTGCAGTAGGGGAGACTGGAATTCCTGGTGTAGCGGTGGAATGCGCAGATATCAGGAGGAACACCGATGGCGAAGGCAGGTCTCTGGGCTGTAACTGACGCTGAGGAGCGAAAGCATGGGGAGCGAACAGGATTAGATACCCTGGTAGTCCATGCCGTAAACGTTGGGCACTAGGTGTGGGGACCATTCCACGGTTTCCGCGCCGCAGCTAACGCATTAAGTGCCCCGCCTGGGGAGTACGGCCGCAAGGCTAAAACTCAAAGGAATTGACGGGGGCCCGCACAAGCGGCGGAGCATGCGGATTAATTCGATGCAACGCGAAGAACCTTACCAAGGCTTGACATGTTTTCGACCGCCGTAGAGATACGGTTTCCCCTTTGGGGCGGATTCACAGGTGGTGCATGGTTGTCGTCAGCTCGTGTCGTGAGATGTTGGGTTAAGTCCCGCAACGAGCGCAACCCTCGTTCCATGTTGCCAGCACGTAGTGGTGGGGACTCATGGGAGACTGCCGGGGTCAACTCGGAGGAAGGTGGGGACGACGTCAAATCATCATGCCCCTTATGTCTTGGGCTTCACGCATGCTACAATGGCCGGTACAATGGGTTGCGATACTGTGAGGTGGAGCTAATCCCAAAAAGCCGGTCTCAGTTCGGATTGGGGTCTGCAACTCGACCCCATGAAGTCGGAGTCGCTAGTAATCGCAGATCAGCAACGCTGCGGTGAATACGTTCCCGGGCCTTGTACACACCGCCCGTCAAGTCACGAAAGTCGGTAACACCCGAAGCCGGTGGCCTAACCCTTGTGGGGGGAGCCGTCGAAGGTGGGACCAGCGATTGGGACTAAGTCGTAACAAGGTAGCCGTACCGGAAGGTGCGGCTGGATCACCTCCTTT\n'),(17,1344956,'>unitig_0_16SrRNA_603345_60486\nAAGGAGGTGATCCAGCCGCACCTTCCGGTACGGCTACCTTGTTACGACTTAGTCCTAATTACCGATCCCACCTTCGACGGCTCCCTCCACAAGGGTTGGGCCACCGGCTTCAGGTGTTACCGACTTTCATGACTTGACGGGCGGTGTGTACAAGACCCGGGAACGTATTCACCGCAGCGTTGCTGATCTGCGATTACTAGCGACTCCGACTTCATGAGGTCGAGTTGCAGACCTCAATCCGAACTGGGACCGGCTTTTTGGGATTCGCTCCACCTCACGGTATTGCAGCCCTTTGTACCGGCCATTGTAGCATGCGTGAAGCCCAAGACATAAGGGGCATGATGATTTGACGTCATCCCCACCTTCCTCCGAGTTGACCCCGGCAGTATCCCATGAGTTCCCACCATTACGTGCTGGCAACATAGAACGAGGGTTGCGCTCGTTGCGGGACTTAACCCAACATCTCACGACACGAGCTGACGACAACCATGCACCACCTGTATAGAGACCTTGCGGGGCGACTGTTTCCAGACGTTTCCTCTATATGTCAAGCCTTGGTAAGGTTCTTCGCGTTGCATCGAATTAATCCGCATGCTCCGCCGCTTGTGCGGGTCCCCGTCAATTCCTTTGAGTTTTAGCCTTGCGGCCGTACTCCCCAGGCGGGGAACTTAATGCGTTAGCTGCGTCACGGAATCCGTGGAATGGACCCCACAACTAGTTCCCAACGTTTACGGGGTGGACTACCAGGGTATCTAAGCCTGTTTGCTCCCCACCCTTTCGCTCCTCAGCGTCAGTTACGGCCCAGAGATCTGCCTTCGCCATCGGTGTTCCTCCTGATATCTGCGCATTCCACCGCTACACCAGGAATTCCAATCTCCCCTACCGCACTCTAGTCTGCCCGTACCCACTGCAGGCCCGAGGTTGAGCCTCGGGTTTTCACAGCAGACGCGACAGACCGCCTACGAGCTCTTTACGCCCAATAATTCCGGATAACGCTTGCGCCCTACGTATTACCGCGGCTGCTGGCACGTAGTTAGCCGGCGCTTTTTCTGCAGGTACCGTCACTTTCGCTTCTTCCCTGCTAAAAGAGGTTTACAACCCGAAGGCCGTCATCCCTCACGCGGCGTTGCTGCATCAGGCTTGCGCCCATTGTGCAATATTCCCCACTGCTGCCTCCCGTAGGAGTCTGGGCCGTGTCTCAGTCCCAGTGTGGCCGGTCACCCTCTCAGGCCGGCTACCCGTCGACGCCTTGGTGAGCCATTACCTCACCAACAAGCTGATAGGCCGCGAGCTCATCCCTGACCGAAATTCTTTCCAGCTACTGACCATGCGGTCGCAGCTCGTATCCGGTATTAGACGCCGTTTCCAGCGCTTATCCCAGAGTCAGGGGCAGATTGCTCACGTGTTACTCACCCGTTCGCCACTGATCCACAGAGCAAGCTCTGCTTCACCGTTCGACTTGCATGTGTTAAGCACGCCGCCAGCGTTCATCCTGAGCCAGGATCAAACTCTCCGTA\n'),(18,596312,'>unitig_36_16SrRNA_189858_19137\nACGGAGAGTTTGATCCTGGCTCAGGATGAACGCTGGCGGCGTGCTTAACACATGCAAGTCGAACGATGAAGCCCAGCTTGCTGGGTGGATTAGTGGCGAACGGGTGAGTAACACGTGAGTAACCTGCCCTTAACTCTGGGATAAGCCTGGGAAACTGGGTCTAATACCGGATAGGAGCGCCTACCGCATGGTGGGTGTTGGAAAGATTTATCGGTTTTGGATGGACTCGCGGCCTATCAGCTTGTTGGTGAGGTAATGGCTCACCAAGGCGACGACGGGTAGCCGGCCTGAGAGGGTGACCGGCCACACTGGGACTGAGACACGGCCCAGACTCCTACGGGAGGCAGCAGTGGGGAATATTGCACAATGGGCGCAAGCCTGATGCAGCGACGCCGCGTGAGGGATGACGGCCTTCGGGTTGTAAACCTCTTTCAGTAGGGAAGAAGCGAAAGTGACGGTACCTGCAGAAGAAGCACCGGCTAACTACGTGCCAGCAGCCGCGGTAATACGTAGGGTGCGAGCGTTATCCGGAATTATTGGGCGTAAAGAGCTCGTAGGCGGTTTGTCGCGTCTGTCGTGAAAGTCCGGGGCTTAACCCCGGATCTGCGGTGGGTACGGGCAGACTAGAGTGCAGTAGGGGAGACTGGAATTCCTGGTGTAGCGGTGGAATGCGCAGATATCAGGAGGAACACCGATGGCGAAGGCAGGTCTCTGGGCTGTAACTGACGCTGAGGAGCGAAAGCATGGGGAGCGAACAGGATTAGATACCCTGGTAGTCCATGCCGTAAACGTTGGGCACTAGGTGTGGGGACCATTCCACGGTTTCCGCGCCGCAGCTAACGCATTAAGTGCCCCGCCTGGGGAGTACGGCCGCAAGGCTAAAACTCAAAGGAATTGACGGGGGCCCGCACAAGCGGCGGAGCATGCGGATTAATTCGATGCAACGCGAAGAACCTTACCAAGGCTTGACATGTTCTCGATCGCCGTAGAGATACGGTTTCCCCTTTGGGGCGGGTTCACAGGTGGTGCATGGTTGTCGTCAGCTCGTGTCGTGAGATGTTGGGTTAAGTCCCGCAACGAGCGCAACCCTCGTTCCATGTTGCCAGCACGTAATGGTGGGGACTCATGGGAGACTGCCGGGGTCAACTCGGAGGAAGGTGAGGACGACGTCAAATCATCATGCCCCTTATGTCTTGGGCTTCACGCATGCTACAATGGCCGGTACAATGGGTTGCGATACTGTGAGGTGGAGCTAATCCCAAAAAGCCGGTCTCAGTTCGGATTGGGGTCTGCAACTCGACCCCATGAAGTCGGAGTCGCTAGTAATCGCAGATCAGCAACGCTGCGGTGAATACGTTCCCGGGCCTTGTACACACCGCCCGTCAAGTCACGAAAGTCGGTAACACCCGAAGCCGGTGGCCTAACCCTTGTGGGGGGAGCCGTCGAAGGTGGGACCAGCGATTGGGACTAAGTCGTAACAAGGTAGCCGTACCGGAAGGTGCGGCTGGATCACCTCCTTT\n'),(19,367110,'>unitig_0_16SrRNA_19657_2059\nGTGGTGTACAGGTGAGTATAATATTTTTTCGCTTAACTTAAAGTGAAGGCAAATCCTTCATATTGCAAAAGGATATCTTAGGCACCTGTTGAAAGGGGCCTACTTATATTATATCCGCTTTAAGAGGATGAGAAAAGTTTCAGAGATAGGTAGTTGTTAAGGTCATGGCTTAACAAGCCAATAATTCTCTTAGTCGAAGCTGAAAAGGCTGATCGACCACATTGGGAATGAAAAAATCCCAAGGCAAATAGGTACAGCAGTGAGGAATCTTGGTCAATGGGCCCACGCCTGAACTGGTAACTTGGAGGAATGAGGGGTCAACTTTGCAAATGGATGAGTGATCGTTAGAAGATCCTTAGTCCCCTGGTCTTCTTGACACATGAGGTATATACTTCTAGTCCATATTGGGGGGAGACTCCACGTCGATTTATCGAGTAAAATTCTGTATACATATTGATAATGACAATATGTACATTTGTCTTGACTAATTACGTGCCAGCAGTCGCGGCAATACGTAAGAGACTAGTGTTAATCATCATAAATAGGTTTAAAGGGTACTCAGACGGAAAAATTCGCCCAAATATAGGGGACAATTTTTCTAGAGTTTTATGTAAGAAGGTCGTACTCTAGAGTGGAGAGATAAAATTCTGTGATACCTAGGGGACGGGTAAAGGCGAAGGCAATCTTTTATGTAAAAACTGACGTCGAAGGACGAAGGCAAAGGGAACAAAAAGGATTAGATACCCCAGTAGTCTTTGCAGACAATTATGAATGCCATAGGTTAGATTTTTAATTTAGTCTATAAATGAAAGTGTAAGCATTTCACCTCAAGAGTAAGGCGGCAACGCAGGAACTGAAATCACTAGACCGTTTCTGACACCAGCAATGAAGTATGTTATTTAATTCGGTGACCCACGAAAAACCTTACCACAATTTGA\n'),(20,134560,'>unitig_23_16SrRNA_12_151\nAAGGAGGTGATCCAGCCGCACCTTCCGGTACGGCTACCTTTGTTACGACTTCGTCCCAATCGCCAGCCCACCTTCGACGGCTCCCTCCACAAGGGTTGGCCACCGCTTCGGGTGTTGCCGACTTTCGTGACGTGACGGGCGGTGTGTACAAGGCCGGGAACGTATTCACCGCAGCGTTGCTGATCTGCGATTACTAGCGACTCCGACTTCATGGGGTCGAGTTGCAGACCCCAATCCGAACTGAGACCGGCTTTTTGGGATTCGCTCCCCTCACGGGATCGCAGCCCTTTGTACCGCCATTGTAGCATGCGTGAAGCCCTGGACATAAGGGGCATGATGACTTGACGTCATCCCCACCTTCCTCCGAGTTGACCCCGGCAGTCTCCTATGAGTCCCCACACCCCGAAGGGCGTGCTGGCAACATAGAACGAGGGTTGCGCTCGTTGCGGGACTTAACCCAACATCTCACGACACGAGCTGACGACAGCCATGCACCACCTGTACACCCCAAAAGAAGCCCCATCTCTGGAGCGGCAGGGTGTATGTCAAACCCAGGTAAGTTCTTCGCGTTGCATCGAATTAATCCGCATGCTCCGCCGCTTGTGCGGGCCCCCGTCAATTCCTTTGAGTTTTAGCCTTCGCGCCGTACTCCCCAGGCGGGCGCTTAATGCGTTAGCTGCGGCACGGAATCCGTGAATGGACCCCACACCTAGCGCCCAACGTTTACGGTGTGGACTACCAGGGTATCTAATCCTGTTCGCTCCCCACACTTTCGCTCCTCAGCGTCAGGATATTCCCAGAGAACCGCCTTCGCCACCGGTGTTCCTCCTGATATCTGCGCATTTCACCGCCTACACCAGGAATTCCGTTCTCCCTGAATACCTCTAGTCTGCCCGTATCGAAAGCAAGCGCCGTGTTAAGCACGGCGTTTTCACTCCCGACGCGACAAACCGCCTACGAGCCCTTTACGCCCAATAATTCCGGACAACGCTCGCACCCTACGTATTACCGCGGCTGCTGGCACGTAGTTGGCGGTGCTTCTTCTGTAGGTACCGTCACTCGCGCTTCGTCCCTACTGAAAGAGGTTTACAACCCGAAGGCCGTCATCCCTCACGCGGCGTTGCTGGATCAGGCTTCCGCCCATTGTCCAATATTCCCCACTGCTGCCTCCCGTAGGAGTCTGGGCCGTGTCTCAGTCCCAGTGTGACCGGTCACCCTCTCAGGCCGGCTACCCGTCGAAGCCATGGTGAGCCATTACCTCACCATCAAGCTGATAGGCCGCGAGCACATCCCTGGCGAAAAACTTTCCACCACCAAACATGCGTAAAGTGGTCATATCCGGTATTAATCACCGTTTCCGGTGGCTATCCCAAAGCCAGGGCAGATTACTCACGTGTTACTCACCCGTTCGCCGCTCGAGTACCCCGAAGAGGCCTTTCCGCTCGACTTGCATGTGTTAAGCACGCCGCCAGCGTTCGTCCTGAGCCAGGATCAAACTCTCCAT'),(21,553,'>unitig_89_16SrRNA_526_206\nAGGAGGTGATCCAACCGCAGGTTCCCTACGGTTACCTTGTTACGACTTCACCCCAGTCATGAATCACAAAGTGGTAAGCGCCCTCCCGGAGGTTAAGCTACCTACTTCTTTTGCAACCCACTCCCATGGTGTGACGGGCGGTGTGTACAAGGCCCGGGAACGTATTCACCGTGGCATTCTGATCCACGATTACTAGCGATTCCGACTTCACGGAGTCGAGTTGCAGACTCCGATCCGGACTACGACGCACTTTATGAGGTCCGCTTGCTCTCGCGAGGTCGCTTCTCTTTGTATGCGCCATTGTAGCACGTGTGTAGCCCTACTCGTAAGGGCCATGATGACTTGACGTCATCCCCACCTTCCTCCGGTTTATCACCGGCAGTCTCCTTTGAGTTCCCGACCGAATCGCTGGCAACAAAGGATAAGGGTTTGCGCTCGTTGCGGGACTTAAACCCAACATTTCACAACACGAGCTGACGACAGCCATGCAGCACCTGTCTCACGGTTCCCGAAGGCACTAAGGCATCTCTGCCGAATTCCGTGGATGTCAAGAGTAGGTAAGGTTCTTCGCGTTGCATCGAATTAAACCACATGCTCCACCGCTTGTGCGGGCCCCCGTCAATTCATTTGAGTTTTAACCTTGCGGCCGTACTCCCCAGGCGGTCGACTTAACGCGTTAGCTCCGGAAGCCACTCCTCAAGGGAACAACCTCCAAGTCGACATCGTTTACGGCGTGGACTACCAGGGTATCTAATCCTGTTTGCTCCCCACGCTTTTCGCACCTGAGCGTCAGTCTTCGTCCAGGGGGCCGCCTTCGCCACCGGTATTCCTCCAGATCTCTACGCATTTCACCGCTACACCTGGAATTCTACCCCCCTCTACGAGACTCAAGCCTGCCAGTTTCAAATGCAGTTCCCAGGTTAAGCCCGGGGATTTCACATCTGACTTAACAGACCGCCTGCGTGCGCTTTACGCCCAGTAATTCCGATTAACGCTTGCACCCTCCGTATTACCGCGGCTGCTGGCACGGAGTTAGCCGGTGCTTCTTCTGCGGGTAACGTCAATCAGTAAGGTTATTAACCTCACTGCCTTCCTCCCCGCTGAAAGTACTTTACAACCCGAAGGCCTTCTTCATACACGCGGCATGGCTGCATCAGGCTTGCGCCCATTGTGCAATATTCCCCACTGCTGCCTCCCGTAGGAGTCTGGACCGTGTCTCAGTTCCAGTGTGGCTGGTCATCCTCTCAGACCAGCTAGGGATCGTCGCCTAGGTGGGCCGTTACCCCGCCTACTAGCTAATCCCATCTGGGTTCATCCGATAGTGAGAGGCCCGAAGGTCCCCCTCTTTGGTCTTGCGACGTTATGCGGTATTAGCCACCGTTTCCAGTGGTTATCCCCCTCTATCGGGCAGATCCCCAGACATTACTCACCCGTCCGCCACTCGTCACCCGAGGAGCAAGCTCCTCTGTGCTACCGTCCGACTTGCATGTGTTAGGCCTGCCGCCAGCGTTCAATCTGAGCCATGATCAAACTCTTCAAT\n'),(22,1215114,'>unitig_0_16SrRNA_1096875_109840\nAGGAGGTGATCCAGCCGCAGGTTCCCCTACGGCTACCTTGTTACGACTTCACCCCAGTCATGAATCACACCGTGGTAACCGTCCCCCCGAAGGTTAGACTAGCTACTTCTGGTGCAACCCACTCCCATGGTGTGACGGGCGGTGTGTACAAGGCCCGGGAACGTATTCACCGCGACATTCTGATTCGCAATTACTAGCGATTCCGACTTCACGCAGTCGAGTTGCAGACTGCGATCCGGACTACGATCGGTTTTGTGAGATTAGCTCCACCTCGCGGCTTGGCAACCCTCTGTACCGACCATTGTAGCACGTGTGTAGCCCAGGCCGTAAGGGCCATGATGACTTGACGTCATCCCCACCTTCCTCCGGTTTGTCACCGGCAGTCTCCTTAGAGTGCCCACCATAACGTGCTGGTAACTAAGGACAAGGGTTGCGCTCGTTACGGGACTTAACCCAACATCTCACGACACGAGCTGACGACAGCCATGCAGCACCTGTGTCAGAGTTCCCGAAGGCACCCATCCATCTCTGGAAAGTTCTCTGCATGTCAAGGCCTGGTAAGGTTCTTCGCGTTGCTTCGAATTAAACCACATGCTCCACCGCTTGTGCGGGCCCCCGTCAATTCATTTGAGTTTTAACCTTGCGGCCGTACTCCCCAGGCGGTCAACTTAATGCGTTAGCTGCGCCACTAAAATCTCAAGGATTCCAACGGCTAGTTGACATCGTTTACGGCGTGGACTACCAGGGTATCTAATCCTGTTTGCTCCCCACGCTTTCGCACCTCAGTGTCAGTATCAGTCCAGGTGGTCGCCTTCGCCACTGGTGTTCCTTCCTATATCTACGCATTTCACCGCTACACAGGAAATTCCACCACCCTCTACCGTACTCTAGCTTGCCAGTTTTGGATGCAGTTCCCAGGTTGAGCCCGGGGCTTTCACATCCAACTTAACAAACCACCTACGCGCGCTTTACGCCCAGTAATTCCGATTAACGCTTGCACCCTCTGTATTACCGCGGCTGCTGGCACAGAGTTAGCCGGTGCTTATTCTGTCGGTAACGTCAAAATTGCAGAGTATTAATCTACAACCCTTCCTCCCAACTTAAAGTGCTTTACAATCCGAAGACCTTCTTCACACACGCGGCATGGCTGGATCAGGCTTTCGCCCATTGTCCAATATTCCCCACTGCTGCCTCCCGTAGGAGTCTGGACCGTGTCTCAGTTCCAGTGTGACTGATCATCCTCTCAGACCAGTTACGGATCGTCGCCTTGGTGAGCCATTACCTCACCAACAAGCTAATCCGACCTAGGCTCATCTGATAGCGCAAGGCCCGAAGGTCCCCTGCTTTCTCCCGTAGGACGTATGCGGTATTAGCGTTCCTTTCGAAACGTTGTCCCCCACTACCAGGCAGATTCCTAGGCATTACTCACCCGTCCGCCGCTGAATCAAGGAGCAAGCTCCCGTCATCCGCTCGACTTGCATGTGTTAGGCCTGCCGCCAGCGTTCAATCTGAGCCATGATCAAACTCTTCAG'),(23,66270,'>unitig_0_16SrRNA_1473068_147460\nTTGAAGAGTTTGATCATGGCTCAGATTGAACGCTGGCGGCAGGCCTAACACATGCAAGTCGGACGGTAGCACAGAGGAGCTTGCTCCTCGGGTGACGAGTGGCGGACGGGTGAGTAATGTCTGGGAAACTGCCCGATGGAGGGGGATAACTACTGGAAACGGTAGCTAATACCGCATAACGTCGCAAGACCAAAGTGGGGGACCTCCGGGCCTCACACCATCGGATGTGCCCAGATGGGATTAGCTTGTAGGCGGGGTAACGGCCCACCTAGGCGACGATCCCTAGCTGGTCTGAGAGGATGACCAGCCACACTGGAACTGAGACACGGTCCAGACTCCTACGGGAGGCAGCAGTGGGGAATATTGCACAATGGGCGCAAGCCTGATGCAGCCATGCCGCGTGTATGAAGAAGGCCTTCGGGTTGTAAAGTACTTTCAGCGGGGAGGAAGGTGTTGAGGTTAATAACCTCAGCAATTGACGTTACCCGCAGAAGAAGCACCGGCTAACTCCGTGCCAGCAGCCGCGGTAATACGGAGGGTGCAAGCGTTAATCGGAATTACTGGGCGTAAAGCGCACGCAGGCGGTCTGTTAAGTCAGATGTGAAATCCCCGGGCTTAACCTGGGAACTGCATTTGAAACTGGCAGGCTTGAGTCTCGTAGAGGGGGGTAGAATTCCAGGTGTAGCGGTGAAATGCGTAGAGATCTGGAGGAATACCGGTGGCGAAGGCGGCCCCCTGGACGAAGACTGACGCTCAGGTGCGAAAGCGTGGGGAGCAAACAGGATTAGATACCCTGGTAGTCCACGCCGTAAACGATGTCGACTTGGAGGTTGTTCCCTTGAGGAGTGGCTTCCGGAGCTAACGCGTTAAGTCGACCGCCTGGGGAGTACGGCCGCAAGGTTAAAACTCAAATGAATTGACGGGGGCCCGCACAAGCGGTGGAGCATGTGGTTTAATTCGATGCAACGCGAAGAACCTTACCTACTCTTGACATCCAGCGAACTTTCCAGAGATGGATTGGTGCCTTCGGGAACGCTGAGACAGGTGCTGCATGGCTGTCGTCAGCTCGTGTTGTGAAATGTTGGGTTAAGTCCCGCAACGAGCGCAACCCTTATCCTTTGTTGCCAGCGATTCGGTCGGGAACTCAAAGGAGACTGCCGGTGATAAACCGGAGGAAGGTGGGGATGACGTCAAGTCATCATGGCCCTTACGAGTAGGGCTACACACGTGCTACAATGGCGCATACAAAGAGAAGCGACCTCGCGAGAGCAAGCGGACCTCATAAAGTGCGTCGTAGTCCGGATCGGAGTCTGCAACTCGACTCCGTGAAGTCGGAATCGCTAGTAATCGTGGATCAGAATGCCACGGTGAATACGTTCCCGGGCCTTGTACACACCGCCCGTCACACCATGGGAGTGGGTTGCAAAAGAAGTAGGTAGCTTAACCTTCGGGAGGGCGCTTACCACTTTGTGATTCATGACTGGGGTGAAGTCGTAACAAGGTAACCGTAGGGGAACCTGCGGTTGGATCACCTCCTT'),(24,660596,'>unitig_0_16SrRNA_206999_20853\nAGGAGGTGATCCAACCGCAGGTTCCCCTACGGTTACCTTGTTACGACTTCACCCCAGTCATGAATCACAAAGTGGTAAGCGCCCTCCCGGAGGTTAAGCTACCTACTTCTTTTGCAACCCACTCCCATGGTGTGACGGGCGGTGTGTACAAGGCCCGGGAACGTATTCACCGTGGCATTCTGATCCACGATTACTAGCGATTCCGACTTCACGGAGTCGAGTTGCAGACTCCGATCCGGACTACGACGCACTTTATGAGGTCCGCTTGCTCTCGCGAGGTCGCTTCTCTTTGTATGCGCCATTGTAGCACGTGTGTAGCCCTACTCGTAAGGGCCATGATGACTTGACGTCATCCCCACCTTCCTCCGGTTTATCACCGGCAGTCTCCTTTGAGTTCCCGACCGAATCGCTGGCAACAAAGGATAAGGGTTGCGCTCGTTGCGGGACTTAACCCAACATTTCACAACACGAGCTGACGACAGCCATGCAGCACCTGTCTCAGCGTTCCCGAAGGCACCAAGGCATCTCTGCCAAGTTCGCTGGATGTCAAGAGTAGGTAAGGTTCTTCGCGTTGCATCGAATTAAACCACATGCTCCACCGCTTGTGCGGGCCCCCGTCAATTCATTTGAGTTTTAACCTTGCGGCCGTACTCCCCAGGCGGTCGACTTAACGCGTTAGCTCCGGAAGCCACTCCTCAAGGGAACAACCTCCAAGTCGACATCGTTTACGGCGTGGACTACCAGGGTATCTAATCCTGTTTGCTCCCCACGCTTTCGCACCTGAGCGTCAGTCTTCGTCCAGGGGGCCGCCTTCGCCACCGGTATTCCTCCAGATCTCTACGCATTTCACCGCTACACCTGGAATTCTACCCCCCTCTACGAGACTCAAGCCTGCCAGTTTCAAATGCAGTTCCCAGGTTAAGCCCGGGGATTTCACATCTGACTTAACAGACCGCCTGCGTGCGCTTTACGCCCAGTAATTCCGATTAACGCTTGCACCCTCCGTATTACCGCGGCTGCTGGCACGGAGTTAGCCGGTGCTTCTTCTGCGGGTAACGTCAATTGCTGAGGTTATTAACCTCAGCACCTTCCTCCCCGCTGAAAGTACTTTACAACCCGAAGGCCTTCTTCATACACGCGGCATGGCTGCATCAGGCTTGCGCCCATTGTGCAATATTCCCCACTGCTGCCTCCCGTAGGAGTCTGGACCGTGTCTCAGTTCCAGTGTGGCTGGTCATCCTCTCAGACCAGCTAGGGATCGTCGCCTAGGTGGGCCGTTACCCCGCCTACAAGCTAATCCCATCTGGGCACATCCGATGGTGTGAGGCCCGAAGGTCCCCCACTTTGGTCTTGCGACGTTATGCGGTATTAGCTACCGTTTCCAGTAGTTATCCCCCTCCATCGGGCAGTTTCCCAGACATTACTCACCCGTCCGCCACTCGTCACCCGAGGAGCAAGCTCCTCTGTGCTACCGTCCGACTTGCATGTGTTAGGCCTGCCGCCAGCGTTCAATCTGAGCCATGATCAAACTCTTCAAT\n'),(25,996285,'>unitig_0_16SrRNA_4173531_417506\nTGAAGAGTTTGATCATGGCTCAGATTGAACGCTGGCGGCAGGCCTAACACATGCAAGTCGAGCGGATGAGTGGAGCTTGCTCCATGATTCAGCGGCGGACGGGTGAGTAATACCTAGGAATCTGCCTGGTAGTGGGGGACAACGTTTCGAAAGGAACGCTAATACCGCATACGTCCTACGGGAGAAAGTGGGGGATCTTCGGACCTCACGCTATCAGATGAGCCTAGGTCGGATTAGCTAGTTGGTGAGGTAAAGGCTCACCAAGGCGACGATCCGTAACTGGTCTGAGAGGATGATCAGTCACACTGGAACTGAGACACGGTCCAGACTCCTACGGGAGGCAGCAGTGGGGAATATTGGACAATGGGCGAAAGCCTGATCCAGCCATGCCGCGTGTGTGAAGAAGGTCTTCGGATTGTAAAGCACTTTAAGTTGGGAGGAAGGGCAGTAAGTTAATACCTTGCTGTTTTGACGTTACCAACAGAATAAGCACCGGCTAACTTCGTGCCAGCAGCCGCGGTAATACGAAGGGTGCAAGCGTTAATCGGAATTACTGGGCGTAAAGCGCGCGTAGGTGGTTCGTTAAGTTGGATGTGAAAGCCCCGGGCTCAACCTGGGAACTGCATCCAAAACTGGCGAGCTAGAGTATGGCAGAGGGTGGTGGAATTTCCTGTGTAGCGGTGAAATGCGTAGATATAGGAAGGAACACCAGTGGCGAAGGCGACCACCTGGGCTAATACTGACACTGAGGTGCGAAAGCGTGGGGAGCAAACAGGATTAGATACCCTGGTAGTCCACGCCGTAAACGATGTCGACTAGCCGTTGGGATCCTTGAGATCTTAGTGGCGCAGCTAACGCATTAAGTCGACCGCCTGGGGAGTACGGCCGCAAGGTTAAAACTCAAATGAATTGACGGGGGCCCGCACAAGCGGTGGAGCATGTGGTTTAATTCGAAGCAACGCGAAGAACCTTACCAGGCCTTGACATGCAGAGAACTTTCCAGAGATGGATTGGTGCCTTCGGGAACTCTGACACAGGTGCTGCATGGCTGTCGTCAGCTCGTGTCGTGAGATGTTGGGTTAAGTCCCGTAACGAGCGCAACCCTTGTCCTTAGTTACCAGCACGTTAAGGTGGGCACTCTAAGGAGACTGCCGGTGACAAACCGGAGGAAGGTGGGGATGACGTCAAGTCATCATGGCCCTTACGGCCTGGGCTACACACGTGCTACAATGGTCGGTACAAAGGGTTGCCAAGCCGCGAGGTGGAGCTAATCCCATAAAACCGATCGTAGTCCGGATCGCAGTCTGCAACTCGACTGCGTGAAGTCGGAATCGCTAGTAATCGTGAATCAGAATGTCACGGTGAATACGTTCCCGGGCCTTGTACACACCGCCCGTCACACCATGGGAGTGGGTTGCTCCAGAAGTAGCTAGTCTAACCTTCGGGGGGACGGTTACCACGGAGTGATTCATGACTGGGGTGAAGTCGTAACAAGGTAGCCGTAGGGGAACCTGCGGCTGGATCACCTCCTT\n'),(26,1358411,'>unitig_3_16SrRNA_432_197\nTTGAAGAGTTTGATCATGGCTCAGATTGAACGCTGGCGGCAGGCCTAACACATGCAAGTCGAACGGCAGCACAGAAGAGCTTGCTCTTTGGGTGGCGAGTGGCGGACGGGTGAGTAATGTCTGGGAAACTGCCCGATGGAGGGGGATAACTACTGGAAACGGTAGCTAATACCGCATAACGTCGCGAGACCAAAGTGGGGGACCTTCGGGCCTCACACCATCGGATGTGCCCAGATGGGATTAGCTAGTAGGTGGGGTAATGGCTCACCTAGGCGACGATCCCTAGCTGGTCTGAGAGGATGACCAGCCACACTGGAACTGAGACACGGTCCAGACTCCTACGGGAGGCAGCAGTGGGGAATATTGCACAATGGGCGCAAGCCTGATGCAGCCATGCCGCGTGTATGAAGAAGGCCTTCGGGTTGTAAAGTACTTTCAGCGGGGAGGAAGGCGGTGAGGTTAATAACCTTGCCGATTGACGTTACCCGCAGAAGAAGCACCGGCTAACTCCGTGCCAGCAGCCGCGGTAATACGGAGGGTGCAAGCGTTAATCGGAATTACTGGGCGTAAAGCGCACGCAGGCGGTCTGTTAAGTCAGATGTGAAATCCCCGGGCTTAACCTGGGAACTGCATTTGAAACTGGCAGGCTTGAGTCTCGTAGAGGGGGGTAGAATTCCAGGTGTAGCGGTGAAATGCGTAGAGATCTGGAGGAATACCGGTGGCGAAGGCGGCCCCCTGGACGAAGACTGACGCTCAGGTGCGAAAGCGTGGGGAGCAAACAGGATTAGATACCCTGGTAGTCCACGCCGTAAACGATGTCGACTTGGAGGTTGTGCCCTTGAGGCGTGGCTTCCGGAGCTAACGCGTTAAGTCGACCGCCTGGGGAGTACGGCCGCAAGGTTAAAACTCAAATGAATTGACGGGGGCCCGCACAAGCGGTGGAGCATGTGGTTTAATTCGATGCAACGCGAAGAACCTTACCTGGCCTTGACATCCAGAGAACTTAGCAGAGATGCTTTGGTGCCTTCGGGAACTCTGAGACAGGTGCTGCATGGCTGTCGTCAGCTCGTGTTGTGAAATGTTGGGTTAAGTCCCGCAACGAGCGCAACCCTTATCCTTTGTTGCCAGCGGTTCGGCCGGGAACTCAAAGGAGACTGCCGGTGATAAACCGGAGGAAGGTGGGGATGACGTCAAGTCATCATGGCCCTTACGGCCAGGGCTACACACGTGCTACAATGGCGCATACAAAGAGAAGCGACCTCGCGAGAGCAAGCGGACCTCATAAAGTGCGTCGTAGTCCGGATTGGAGTCTGCAACTCGACTCCATGAAGTCGGAATCGCTAGTAATCGTAGATCAGAATGCTACGGTGAATACGTTCCCGGGCCTTGTACACACCGCCCGTCACACCATGGGAGTGGGTTGCAAAAGAAGTAGGTAGCTTAACCTTCGGGAGGGCGCTTACCACTTTGTGATTCATGACTGGGGTGAAGTCGTAACAAGGTAACCGTAGGGGAACCTGCGGTTGGATCACCTCCTT\n'),(27,189451,'>unitig_282_18SrRNA_21828_2362\nTGATCCTTCCGCAGGTTCACCTACGGAAACCTTGTTACGACTTTTACTTCCTCTAAATGACCAGGTTTGATCAGCTTCTCGGCCAAGGGGTGCCGTTGCCGGCTCCCCAACGCCAATCCGGAGATCTCACCAAGCCATTCAATCGGTAGTAGCGACGGGCGGTGTGTACAAAGGGCAGGGACGTAATCAACGCAAGTTGGTGACTTACGCTTACTAGGTATTCCTCGTTGAAGAGCAATAATTGCAATGCTCTATCCCCAGCACGACTGAGTTTCACAAGATTACCCAGGCCTCTCGGCCAAGGTGATAAACTCGCTGGCTCAGTCAGTGTAGCGCGCGTGCGGCCCAGAACATCTAAGGGCATCACAGACCTGTTATTGCCTCAAACTTCCGTCGGCTAAACGCCGACAGTCCCTCTAAGAAGCCTACGACTAGCCGAAGCCGGCCTGGCTATTTAGCAGGTTAAGGTCTCGTTCGTTATCGGAATTAACCAGACAAATCACTCCACCAACTAAGAACGGCCATGCACCACCACCCATAGAATCAAGAAAGAGCTATCAATCTGTCAATCCTTACTATGTCTGGACCTGGTGAGTTTCCCCGTGTTGAGTCAAATTAAGCCGCAGGCTCCACACCTGGTGGTGCCCTTCCGTCAATTCCTTTAAGTTTCAGCCTTGCGACCATACTCCCCCAGAACCCAAAGACTTTGATTTCTCGTAAGGTGCCGAGCCAGTCAAAAAATAACGTGGCCCGATCCCTAGTCGGCATAGTTTACTGTTAAGACTACAACGGTATCTAATCGTTTTTGATCCCCTAACCTTCGTTCTTGATCAATGAAAACGTCCTTGGCAAATGCTTTCGCAGAAGTTAGTCTTCCGTAAATCTAAGAATTTCACCTCTAGCAACGGAATACTAATGCCCCCGACCGTCCCTATTAATCATTACGGCGATCCTAGAAACCAACAAAATAGAACCGCACGTCCTATTCTATTATTCCATGCTAATGTATTCGGGCAAATGCCTGCTTTGAACACTCTAATTTTCTCAAGGTAAAATTCCTGGTTCCACCGCACACCCAGTAAAGGGCATACGGCCTCACCAAGAGGTAAGACCCGGCCGGACAGTGCACACCGTAAGGCGGACCGTCCCGCCAGGCCCGAAGTTCGACTACGAGCTTTTTAACTGCAACAACTTTAATATACGCTACTGGAGCTGGAATTACCGCGGCTGCTGGCACCAGACTTGCCCTCCAGTTGTTCCTCGTTAAGGGATTTAAATTGTACTCATTCCAATTATAAGACCCAATAGGGCCCTATATTGTTATTTATTGTCACTACCTCCCCGTGTCGGGATTGGGTAATTTGCGCGCCTGCTGCCTTCCTTGGATGTGGTAGCCGTTTCTCAGGCTCCCTCTCCGGAATCGAACCCTAATTCCCCGTTACCCGTTGATACCATGGTAGACCACTACTCTACCATCGAAAGTTGATAGGGCAGATATTTGAATGAAGCATCGCCGGCGCAAGGCCATGCGATTCGAGAAGTTATTATGAATCACCATAGAGGGCTTTCACCCATTGGTTTTTTATCTAATAAATACACCCCTCCCAGAAGTCGGGGCTTTTCAGCATGTATTAGCTCTAGAATTACCACAGTTATCCATGTAGCAAGATACCATCAAATAAACTATAACTGATTTAATGAGCCATTCGCAGTTTCACAGTATGAATTTGTTTATACTTAGACATGCATGGCTTAATCTTTGAGACAAGCATATGACTACTGGCAGGATCAACCAGGT\n'),(28,443224,'>unitig_2_18SrRNA_30142_3193\nTGATCCTTCCGCAGGTTCACCTACGGAAACCTTGTTACGACTTTTACTTCCTCTAAATGACCGAGTTTGACCAACTTTCCGGCTTGAGGTGGTCGTTGCCAACCTCCTCGAGCCAGTCCGAAGGCCTCACTGAGCCATTCAATCGGTAGTAGCGACGGGCGGTGTGTACAAAGGGCAGGGACGTAATCAACGCGTGCTGATGACACGCGCTTACTAGGCATTCCTCGTTGAAGAGCAATAATTGCAATGCTCTATCCCCAGCACGACAGAGTTTAACAAGATTACCCAGACCTTCCGGCCAAGGGAAAGAACTCGTTGGCTCTGTCAGTGTAGCGCGCGTGCGGCCCAGAACATCTAAGGGCATCACAGACCTGTTATTGCCTCAAACTTCCATCGGCTTGAGCCGATAGTCCCTCTAAGAAGCCGGCGACCAGCCAAAGCTAGCCTGGCTATTTAGCAGGTTAAGGTCTCGTTCGTTATCGCAATTAAGCAGACAAGTCACCCCACGAACTAAGAACGGCCATGCACCACCACCTGAAAAATCAAGAAAGAGCTCTCAATCTGTCAATCCTTATTTCATCTGGACCTGGTGAGTTTCCCCGTGTTGAGTCAAATTAAGCCGCAGGCTCCACGCCTGGTGGTGCCCTTCCGTCAATTTCTTTAAGTTTCAGCCTTGCGACCATACTCCCCCAGAACCCAAACACTTTGATTTCTCGTAAGGTGCCGAGCGGGTCACAATAGAAACACCGCCCGATCCCTAGTCGGCATAGTTTATGGTTAAGACTACGACGGTATCTGATCGTCTTCGATCCCCTAACTTTCGTTCACTGATTAATGAAAACATCCTTGGCAAATGCTTTCGCAGTAGTTAGTCTTCAATAAATCCAAGAATTTCACCTCTGACAATTGAATACTGATGCCCCCGACTGTCCCTATTAATCATTACGGCGGTCCTAGAAACCAACAAAATAGGACCGCACGTCCTATTCTATTATTCCATGCTAACGTATTCGAGCAAAGGCCTGCTTTGAACACTCTAATTTTTTCAAAGTAAAAGTCCTGGTCCCCAACACACCCAGTGAAGGGCATGCGGTTCTCCAGAAGAAAAGGCCCGGCCGGACAAGTGCACGCGGTGAGGCGGACCTGCCAGCCAGGCCAAAGGTTCAACTACGAGCTTTTTAACTGCAACAACTTTAATATACGCTATTGGAGCTGGAATTACCGCGGCTGCTGGCACCAGACTTGCCCTCCAATTGTTCCTCGTTAAGAGGTTTAAATTGTACTCATTCCAATTACAAGACCCAAAAGAGCCCTGTATCAGTATTTATTGTCACTACCTCTCCGTATCGGAATTGGGTAATTTGCGCGCCTGCTGCCTTCCTTGGATGTGGTAGCCGTTTCTCAGGCTCCCTCTCCGGAATCGAACCCTAATTCCCCGTTACCCGTTGAAACCATGGTAAGCCACTACCTTACCATCGAAAGTTGATAGGGCAGAAATTTGAATGAACCGTCGCCGGCGTAAAGCCATGCGATCTGAGAAGTTATTATGAATCACCAAGGAGCCCCGAAGGGCATTGGTTTTTTATCTAATAAATACACCCCTCCCGAAGTTGGGGTTTTTAGCATGTATTAGCTCTAGAATTACCACGGTTATCCATGTAGTAAGGTACTATCAAATAAACGATAACTGATTTAATGAGCCATTCGCAGTTTCACGGTATAATTGCTTATACTTAGACATGCATGGCTTAATCTTTGAGACAAGCATATGACTACTGCAGAATCAACCAGGT\n'),(29,1239307,'>unitig_0_16SrRNA_382188_38372\nTTGAAGAGTTTGATCATGGCTCAGATTGAACGCTGGCGGCAGGCCTAACACATGCAAGTCGAGCGGCAGCGGAAAGTAGCTTGCTACTTTGCCGGCGAGCGGCGGACGGGTGAGTAATGTCTGGGGATCTGCCTGATGGAGGGGGATAACTACTGGAAACGGTAGCTAATACCGCATAAGGTCGCAAGACCAAAGCGGGGGACCTTCGGGCCTCGCGCCATCAGATGAACCCAGATGGGATTAGCTAGTAGGTGGGGTAATGGCTCACCTAGGCGACGATCCCTAGCTGGTCTGAGAGGATGACCAGCCACACTGGAACTGAGACACGGTCCAGACTCCTACGGGAGGCAGCAGTGGGGAATATTGCACAATGGGGGAAACCCTGATGCAGCCATGCCGCGTGTATGAAGAAGGCCTTCGGGTTGTAAAGTACTTTCAGCGAGGAGGAAGGCGGTAAGGTTAATAACCTTATCGATTGACGTTACTCGCAGAAGAAGCACCGGCTAACTCCGTGCCAGCAGCCGCGGTAATACGGAGGGTGCAAGCGTTAATCGGAATTACTGGGCGTAAAGCGCACGCAGGCGGTTTGTTAAGTCAGATGTGAAATCCCCGAGCTTAACTTGGGAACTGCATTTGAAACTGGCAAGCTAGAGTCTCGTAGAGGGGGGTAGAATTCCAGGTGTAGCGGTGAAATGCGTAGAGATCTGGAGGAATACCGGTGGCGAAGGCGGCCCCCTGGACGAAGACTGACGCTCAGGTGCGAAAGCGTGGGGAGCAAACAGGATTAGATACCCTGGTAGTCCACGCTGTAAACGATGTCGATTTGGAGGTTGTGCCCTTGAGGCGTGGCTTCCGGAGCTAACGCGTTAAATCGACCGCCTGGGGAGTACGGCCGCAAGGTTAAAACTCAAATGAATTGACGGGGGCCCGCACAAGCGGTGGAGCATGTGGTTTAATTCGATGCAACGCGAAGAACCTTACCTACTCTTGACATCCAGAGAACTTGGCAGAGATGCCTTGGTGCCTTCGGGAACTCTGAGACAGGTGCTGCATGGCTGTCGTCAGCTCGTGTTGTGAAATGTTGGGTTAAGTCCCGCAACGAGCGCAACCCTTATCCTTTGTTGCCAGCGATTCGGTCGGGAACTCAAAGGAGACTGCCGGTGATAAACCGGAGGAAGGTGGGGATGACGTCAAGTCATCATGGCCCTTACGAGTAGGGCTACACACGTGCTACAATGGCGCATACAAAGAGAAGCAAACTCGCGAGAGCAAGCGGACCTCATAAAGTGCGTCGTAGTCCGGATTGGAGTCTGCAACTCGACTCCATGAAGTCGGAATCGCTAGTAATCGTGGATCAGAATGCCACGGTGAATACGTTCCCGGGCCTTGTACACACCGCCCGTCACACCATGGGAGTGGGTTGCAAAAGAAGTAGGTAGCTTAACCTTCGGGAGGGCGCTTACCACTTTGTGATTCATGACTGGGGTGAAGTCGTAACAAGGTAACCGTAGGGGAACCTGCGGTTGGATCACCTCCTT\n'),(30,904802,'>unitig_0_16SrRNA_1068070_106961\nATGGAGAGTTTGATCCTGGCTCAGGATGAACGCTGGCGGCGTGCCTAATACATGCAAGTCGAGCGAACAGACAAGGAGCTTGCTCCTTTGACGTTAGCGGCGGACGGGTGAGTAACACGTGGGTAACCTACCTATAAGACTGGGATAACTTCGGGAAACCGGAGCTAATACCGGATAATATTTCGAACCGCATGGTTCGATAGTGAAAGATGGTTTTGCTATCACTTATAGATGGACCCGCGCCGTATTAGCTAGTTGGTAAGGTAACGGCTTACCAAGGCGACGATACGTAGCCGACCTGAGAGGGTGATCGGCCACACTGGAACTGAGACACGGTCCAGACTCCTACGGGAGGCAGCAGTAGGGAATCTTCCGCAATGGGCGAAAGCCTGACGGAGCAACGCCGCGTGAGTGATGAAGGTCTTCGGATCGTAAAACTCTGTTATTAGGGAAGAACATACATGTAAGTAACTATGCACGTCTTGACGGTACCTAATCAGAAAGCCACGGCTAACTACGTGCCAGCAGCCGCGGTAATACGTAGGTGGCAAGCGTTATCCGGAATTATTGGGCGTAAAGCGCGCGTAGGCGGTTTTTTAAGTCTGATGTGAAAGCACACGGCTCAACCGTGGAGGGTCATTGGAAACTGGAAAACTTGAGTGCAGAAGAGGAAAGTGGAATTCCATGTGTAGCGGTGAAATGCGCAGAGATATGGAGGAACACCAGTGGCGAAGGCGACTTTCTGGTCTGTAACTGACGCTGATGTGCGAAAGCGTGGGGATCAAACAGGATTAGATACCCTGGTAGTCCACGCCGTAAACGATGAGTGCTAAGTGTTAGGGGGTTTCCGCCCCTTAGTGCTGCAGCTAACGCATTAAGCACTCCGCCTGGGGAGTACGACCGCAAGGTTGAAACTCAAAGGAATTGACGGGGACCCGCACAAGCGGTGGAGCATGTGGTTTAATTCGAAGCAACGCGAAGAACCTTACCAAATCTTGACATCCTTTGACAACTCTAGAGATAGAGCCTTCCCCTTCGGGGGACAAAGTGACAGGTGGTGCATGGTTGTCGTCAGCTCGTGTCGTGAGATGTTGGGTTAAGTCCCGCAACGAGCGCAACCCTTAAGCTTAGTTGCCATCATTAAGTTGGGCACTCTAAGTTGACTGCCGGTGACAAACCGGAGGAAGGTGGGGATGACGTCAAATCATCATGCCCCTTATGATTTGGGCTACACACGTGCTACAATGGACAATACAAAGGGCAGCGAAACCGCGAGGTCAAGCAAATCCCATAAAGTTGTTCTCAGTTCGGATTGTAGTCTGCAACTCGACTACATGAAGCTGGAATCGCTAGTAATCGTAGATCAGCATGCTACGGTGAATACGTTCCCGGGTCTTGTACACACCGCCCGTCACACCACGAGAGTTTGTAACACCCGAAGCCGGTGGAGTAACCATTTGGAGCTAGCCGTCGAAGGTGGGACAAATGATTGGGGTGAAGTCGTAACAAGGTAGCCGTATCGGAAGGTGCGGCTGGATCACCTCCTTT\n');
/*!40000 ALTER TABLE `sequences` ENABLE KEYS */;
UNLOCK TABLES;

--
-- Table structure for table `species_citations`
--

DROP TABLE IF EXISTS `species_citations`;
/*!40101 SET @saved_cs_client     = @@character_set_client */;
/*!40101 SET character_set_client = utf8 */;
CREATE TABLE `species_citations` (
  `species_citation_id` int(11) NOT NULL AUTO_INCREMENT,
  `species_id` int(11) NOT NULL,
  `citation_id` int(11) NOT NULL,
  PRIMARY KEY (`species_citation_id`),
  KEY `species_id` (`species_id`),
  KEY `paper_id` (`citation_id`),
  CONSTRAINT `species_citations_ibfk_1` FOREIGN KEY (`species_id`) REFERENCES `species_strain` (`species_strain_taxa_id`) ON UPDATE CASCADE,
  CONSTRAINT `species_citations_ibfk_2` FOREIGN KEY (`citation_id`) REFERENCES `citations` (`citation_id`) ON UPDATE CASCADE
) ENGINE=InnoDB AUTO_INCREMENT=121 DEFAULT CHARSET=latin1;
/*!40101 SET character_set_client = @saved_cs_client */;

--
-- Dumping data for table `species_citations`
--

LOCK TABLES `species_citations` WRITE;
/*!40000 ALTER TABLE `species_citations` DISABLE KEYS */;
INSERT INTO `species_citations` VALUES (1,1310833,1),(2,1310833,2),(3,1310833,3),(4,1310833,4),(5,1341679,1),(6,1341679,2),(7,1341679,3),(8,1341679,4),(9,1144661,1),(10,1144661,2),(11,1144661,3),(12,1144661,4),(13,1348623,1),(14,1348623,2),(15,1348623,3),(16,1348623,4),(17,1138452,1),(18,1138452,2),(19,1138452,3),(20,1138452,4),(21,293386,1),(22,293386,2),(23,293386,3),(24,293386,4),(25,570416,1),(26,570416,2),(27,570416,3),(28,570416,4),(29,1219687,1),(30,1219687,2),(31,1219687,3),(32,1219687,4),(33,375700,1),(34,375700,2),(35,375700,3),(36,375700,4),(37,1761774,1),(38,1761774,2),(39,1761774,3),(40,1761774,4),(41,450181,2),(42,450181,3),(43,450181,4),(44,95614,1),(45,95614,2),(46,95614,3),(47,95614,4),(48,1329856,1),(49,1329856,2),(50,1329856,3),(51,1329856,4),(52,1329833,1),(53,1329833,2),(54,1329833,3),(55,1329833,4),(56,436913,1),(57,436913,2),(58,436913,3),(59,436913,4),(60,1305732,1),(61,1305732,2),(62,1305732,3),(63,1305732,4),(64,1344956,1),(65,1344956,2),(66,1344956,3),(67,1344956,4),(68,596312,1),(69,596312,2),(70,596312,3),(71,596312,4),(72,367110,2),(73,367110,3),(74,367110,4),(75,134560,1),(76,134560,2),(77,134560,3),(78,134560,4),(79,553,1),(80,553,2),(81,553,3),(82,553,4),(83,1215114,1),(84,1215114,2),(85,1215114,3),(86,1215114,4),(87,66270,1),(88,66270,2),(89,66270,3),(90,66270,4),(91,660596,1),(92,660596,2),(93,660596,3),(94,660596,4),(95,996285,1),(96,996285,2),(97,996285,3),(98,996285,4),(99,1358411,1),(100,1358411,2),(101,1358411,3),(102,1358411,4),(103,189451,2),(104,189451,3),(105,189451,4),(106,443224,2),(107,443224,3),(108,443224,4),(109,1239307,1),(110,1239307,2),(111,1239307,3),(112,1239307,4),(113,904802,1),(114,904802,2),(115,904802,3),(116,904802,4);
/*!40000 ALTER TABLE `species_citations` ENABLE KEYS */;
UNLOCK TABLES;

--
-- Table structure for table `species_ecology`
--

DROP TABLE IF EXISTS `species_ecology`;
/*!40101 SET @saved_cs_client     = @@character_set_client */;
/*!40101 SET character_set_client = utf8 */;
CREATE TABLE `species_ecology` (
  `species_ecology_id` int(11) NOT NULL AUTO_INCREMENT,
  `species_id` int(11) NOT NULL,
  `ecology_id` int(11) NOT NULL,
  PRIMARY KEY (`species_ecology_id`),
  KEY `species_id` (`species_id`),
  KEY `association_id` (`ecology_id`),
  CONSTRAINT `species_ecology_ibfk_2` FOREIGN KEY (`ecology_id`) REFERENCES `ecology` (`ecology_id`) ON UPDATE CASCADE,
  CONSTRAINT `species_ecology_ibfk_3` FOREIGN KEY (`species_id`) REFERENCES `species_strain` (`species_strain_taxa_id`) ON UPDATE CASCADE
) ENGINE=InnoDB AUTO_INCREMENT=90 DEFAULT CHARSET=latin1;
/*!40101 SET character_set_client = @saved_cs_client */;

--
-- Dumping data for table `species_ecology`
--

LOCK TABLES `species_ecology` WRITE;
/*!40000 ALTER TABLE `species_ecology` DISABLE KEYS */;
INSERT INTO `species_ecology` VALUES (1,1310833,3),(2,1310833,5),(3,1310833,6),(4,1310833,8),(5,1341679,12),(6,1144661,2),(7,1144661,3),(8,1144661,5),(9,1144661,6),(10,1348623,1),(11,1348623,2),(12,1348623,9),(13,1348623,10),(14,1138452,1),(15,1138452,2),(16,1138452,9),(17,1138452,11),(18,293386,12),(19,293386,3),(20,293386,4),(21,293386,2),(22,570416,8),(23,570416,2),(24,1219687,2),(25,1219687,7),(26,375700,2),(27,375700,7),(28,375700,8),(29,375700,1),(30,1761774,2),(31,1761774,3),(32,1761774,4),(33,1761774,7),(34,450181,2),(35,450181,3),(36,450181,10),(37,95614,12),(38,1329856,1),(39,1329856,2),(40,1329856,3),(41,1329856,8),(42,1329833,8),(43,1329833,10),(44,1329833,2),(45,1329833,3),(46,1329833,7),(47,1329833,9),(48,436913,10),(49,436913,2),(50,1305732,12),(51,1344956,12),(52,596312,2),(53,596312,3),(54,596312,5),(55,596312,8),(56,596312,9),(57,596312,7),(58,367110,10),(59,367110,2),(60,134560,2),(61,134560,3),(62,134560,4),(63,134560,10),(64,553,1),(65,553,2),(66,553,10),(67,1215114,2),(68,1215114,3),(69,1215114,4),(70,1215114,10),(71,1215114,7),(72,66270,2),(73,66270,10),(74,660596,2),(75,660596,10),(76,996285,1),(77,996285,2),(78,996285,10),(79,1358411,2),(80,1358411,3),(81,1358411,8),(82,189451,12),(83,443224,2),(84,1239307,12),(85,904802,5),(86,904802,6),(87,904802,7),(88,904802,8);
/*!40000 ALTER TABLE `species_ecology` ENABLE KEYS */;
UNLOCK TABLES;

--
-- Table structure for table `species_samples`
--

DROP TABLE IF EXISTS `species_samples`;
/*!40101 SET @saved_cs_client     = @@character_set_client */;
/*!40101 SET character_set_client = utf8 */;
CREATE TABLE `species_samples` (
  `species_sample_id` int(11) NOT NULL AUTO_INCREMENT,
  `species_id` int(11) NOT NULL,
  `sample_id` int(11) NOT NULL,
  PRIMARY KEY (`species_sample_id`),
  KEY `species_id` (`species_id`),
  KEY `sample_id` (`sample_id`),
  CONSTRAINT `species_samples_ibfk_1` FOREIGN KEY (`species_id`) REFERENCES `species_strain` (`species_strain_taxa_id`) ON UPDATE CASCADE,
  CONSTRAINT `species_samples_ibfk_2` FOREIGN KEY (`sample_id`) REFERENCES `samples` (`sample_id`) ON UPDATE CASCADE
) ENGINE=InnoDB AUTO_INCREMENT=42 DEFAULT CHARSET=latin1;
/*!40101 SET character_set_client = @saved_cs_client */;

--
-- Dumping data for table `species_samples`
--

LOCK TABLES `species_samples` WRITE;
/*!40000 ALTER TABLE `species_samples` DISABLE KEYS */;
INSERT INTO `species_samples` VALUES (1,1310833,28),(2,1341679,35),(3,1144661,1),(4,1348623,13),(5,1348623,21),(6,1348623,27),(7,1348623,34),(8,1138452,14),(9,1138452,38),(10,293386,5),(11,570416,23),(12,1219687,6),(13,1219687,11),(14,375700,30),(15,1761774,3),(16,450181,10),(17,95614,37),(18,95614,41),(19,1329856,18),(20,1329833,29),(21,436913,20),(22,1305732,7),(23,1344956,36),(24,596312,4),(25,367110,8),(26,134560,31),(27,553,24),(28,553,33),(29,1215114,19),(30,66270,15),(31,66270,16),(32,660596,25),(33,996285,32),(34,1358411,39),(35,1358411,40),(36,189451,2),(37,443224,9),(38,1239307,22),(39,904802,26);
/*!40000 ALTER TABLE `species_samples` ENABLE KEYS */;
UNLOCK TABLES;

--
-- Table structure for table `species_strain`
--

DROP TABLE IF EXISTS `species_strain`;
/*!40101 SET @saved_cs_client     = @@character_set_client */;
/*!40101 SET character_set_client = utf8 */;
CREATE TABLE `species_strain` (
  `species_strain_taxa_id` int(11) NOT NULL,
  `species_strain_name` varchar(50) NOT NULL,
  `genus_taxa_id` int(11) NOT NULL,
  `genome_availability` char(1) NOT NULL,
  `genome_size` int(11) NOT NULL,
  `genome_size_units` varchar(11) NOT NULL,
  `description` text NOT NULL,
  `carbon_fixation_method` text NOT NULL,
  `reducing_agents` text NOT NULL,
  `energy_source` text NOT NULL,
  PRIMARY KEY (`species_strain_taxa_id`),
  KEY `genus_taxa_id` (`genus_taxa_id`),
  CONSTRAINT `species_strain_ibfk_1` FOREIGN KEY (`genus_taxa_id`) REFERENCES `genus` (`genus_taxa_id`) ON UPDATE CASCADE
) ENGINE=InnoDB DEFAULT CHARSET=latin1;
/*!40101 SET character_set_client = @saved_cs_client */;

--
-- Dumping data for table `species_strain`
--

LOCK TABLES `species_strain` WRITE;
/*!40000 ALTER TABLE `species_strain` DISABLE KEYS */;
INSERT INTO `species_strain` VALUES (553,'Pantoea ananatis',53335,'Y',0,'bases','Pantoea is a genus of Gram-negative bacteria of the family Enterobacteriaceae, recently separated from the Enterobacter genus. Pantoea ananatis is a common epiphyte; it also occurs endophytically in hosts where it has been reported to cause disease symptoms and in hosts where no such symptoms have been described. Pantoea ananatis causes disease symptoms in a wide range of economically important agricultural crops and forest tree species worldwide. Its unconventional nature lies in the fact that, unlike the majority of plant pathogenic microbes, P.ananatis is capable of infecting humans','heterotrophic','organotrophic','chemotrophic'),(66270,'Pantoea stewartii subsp. indologenes',53335,'Y',4681235,'bases','\0P\0a\0n\0t\0o\0e\0a\0 \0s\0t\0e\0w\0a\0r\0t\0i\0i\0 \0i\0s\0 \0a\0 \0n\0o\0n\0m\0o\0t\0i\0l\0e\0,\0 \0f\0a\0c\0u\0l\0t\0a\0t\0i\0v\0e\0 \0a\0n\0a\0e\0r\0o\0b\0i\0c\0,\0 \0g\0r\0a\0m\0 \0n\0e\0g\0a\0t\0i\0v\0e\0,\0 \0r\0o\0d\0-\0s\0h\0a\0p\0e\0d\0 \0b\0a\0c\0t\0e\0r\0i\0u\0m\0 \0t\0h\0a\0t\0 \0c\0a\0u\0s\0e\0s\0 \0S\0t\0e\0w\0a\0r\0t \0s\0 \0w\0i\0l\0t\0 \0a\0n\0d\0 \0l\0e\0a\0f\0 \0b\0l\0i\0g\0h\0t\0 \0d\0i\0s\0e\0a\0s\0e\0 \0o\0n\0 \0m\0a\0i\0z\0e\0 \0(\0p\0a\0r\0t\0i\0c\0u\0l\0a\0r\0l\0y\0 \0s\0w\0e\0e\0t\0 \0c\0o\0r\0n\0)\0,\0 \0f\0l\0i\0n\0t\0,\0 \0d\0e\0n\0t\0,\0 \0f\0l\0o\0w\0e\0r\0,\0 \0a\0n\0d\0 \0p\0o\0p\0c\0o\0r\0n\0.\0 \0P\0a\0n\0t\0o\0e\0a\0 \0b\0a\0c\0t\0e\0r\0i\0a\0 \0a\0r\0e\0 \0y\0e\0l\0l\0o\0w\0 \0p\0i\0g\0m\0e\0n\0t\0e\0d\0,\0 \0f\0e\0r\0m\0e\0n\0t\0 \0l\0a\0c\0t\0o\0s\0e\0,\0 \0a\0r\0e\0 \0m\0o\0t\0i\0l\0e\0,\0 \0a\0n\0d\0 \0f\0o\0r\0m\0 \0m\0u\0c\0o\0i\0d\0 \0c\0o\0l\0o\0n\0i\0e\0s\0.\0 \0B\0e\0s\0i\0d\0e\0s\0 \0t\0h\0a\0t\0,\0 \0s\0o\0m\0e\0 \0o\0f\0 \0t\0h\0e\0 \0s\0p\0e\0c\0i\0e\0s\0 \0s\0h\0o\0w\0 \0q\0u\0o\0r\0u\0m\0 \0s\0e\0n\0s\0i\0n\0g\0 \0a\0b\0i\0l\0i\0t\0y\0 \0t\0h\0a\0t\0 \0c\0o\0u\0l\0d\0 \0d\0r\0i\0v\0e\0 \0d\0i\0f\0f\0e\0r\0e\0n\0t\0 \0g\0e\0n\0e\0 \0e\0x\0p\0r\0e\0s\0s\0i\0o\0n\0 \0h\0e\0n\0c\0e\0 \0c\0o\0n\0t\0r\0o\0l\0l\0i\0n\0g\0 \0c\0e\0r\0t\0a\0i\0n\0 \0p\0h\0y\0s\0i\0o\0l\0o\0g\0i\0c\0a\0l\0 \0a\0c\0t\0i\0v\0i\0t\0i\0e\0s\0.','heterotrophic','organotrophic','chemotrophic'),(95614,'Curtobacterium sp. B18',2034,'Y',3713770,'bases','Curtobacterium is a genus of bacteria of the order Actinomycetales. They are Gram-positive soil organisms. Known to cause diseases in plants','heterotrophic','organotrophic lithotrophic','chemotrophic'),(134560,'Nocardioides sp. C157',1839,'N',0,'bases','The genus Nocardioides was proposed by Prauser (1976) for Gram-positive, non-acid-fast, aerobic, and mesophilic nocardioform actinomycetes, developing a mycelium that fragments into irregular rod- to coccus-like elements. Strain C157 showed close phylogenic relationships with Nocardioides SP12. Have been isolated from a variety of habitats including soils, herbage, an oil shale colummn, industrial wastewater and hyper-saline lakes','heterotrophic','organotrophic lithotrophic','chemotrophic'),(189451,'Papiliotrema bandonii',189450,'N',0,'bases','\0P\0a\0p\0i\0l\0i\0o\0t\0r\0e\0m\0a\0 \0i\0s\0 \0a\0 \0g\0e\0n\0u\0s\0 \0o\0f\0 \0f\0u\0n\0g\0i\0 \0i\0n\0 \0t\0h\0e\0 \0f\0a\0m\0i\0l\0y\0 \0T\0r\0e\0m\0e\0l\0l\0a\0c\0e\0a\0e\0.\0 \0T\0h\0e\0 \0g\0e\0n\0u\0s\0 \0i\0s\0 \0m\0o\0n\0o\0t\0y\0p\0i\0c\0,\0 \0c\0o\0n\0t\0a\0i\0n\0i\0n\0g\0 \0t\0h\0e\0 \0s\0i\0n\0g\0l\0e\0 \0s\0p\0e\0c\0i\0e\0s\0 \0P\0a\0p\0i\0l\0i\0o\0t\0r\0e\0m\0a\0 \0b\0a\0n\0d\0o\0n\0i\0i\0,\0 \0f\0o\0u\0n\0d\0 \0i\0n\0 \0P\0o\0r\0t\0u\0g\0a\0l\0.\0  \0P\0a\0p\0i\0l\0i\0o  \0 \0r\0e\0f\0e\0r\0s\0 \0t\0o\0 \0t\0h\0e\0 \0b\0u\0t\0t\0e\0r\0f\0l\0y\0-\0l\0i\0k\0e\0 \0s\0h\0a\0p\0e\0 \0o\0f\0 \0t\0h\0e\0 \0c\0o\0n\0i\0d\0i\0a\0,\0   \0t\0r\0e\0m\0a \0 \0r\0e\0f\0e\0r\0s\0 \0t\0o\0 \0t\0h\0e\0 \0t\0r\0e\0m\0e\0l\0l\0a\0c\0e\0o\0u\0s\0 \0n\0a\0t\0u\0r\0e\0 \0o\0f\0 \0t\0h\0i\0s\0 \0f\0u\0n\0g\0u\0s\0.\0 \0T\0h\0e\0 \0c\0o\0m\0p\0o\0u\0n\0d\0 \0h\0a\0s\0 \0f\0e\0m\0i\0n\0i\0n\0e\0 \0g\0e\0n\0d\0e\0r\0.','heterotrophic','organotrophic','chemotrophic'),(293386,'Bacillus stratosphericus',1386,'Y',3733110,'bases','B. stratosphericus is a motile rod-shaped, gram positive bacterium. It is endospore-forming, as many Bacillus are, and is able to withstand unfavourable conditions, permitting it to colonize and adapt to variable environments. B. stratosphericus can be detected in the stratosphere orbiting the Earth among satellites. However, B. stratosphericus is not limited to the atmosphere and can be found in an array of environments such as desert soils, deep seas and estuaries.','heterotrophic','organotrophic lithotrophic','chemotrophic'),(367110,'Neurospora crassa OR74A',5140,'Y',37097299,'bases','A type of red bread mold of the phylum Ascomycota. The genus name, meaning \"nerve spore\" refers to the characteristic striations on the spores. N. crassa is used as a model organism because it is easy to grow and has a haploid life cycle that makes genetic analysis simple since recessive traits will show up in the offspring. Analysis of genetic recombination is facilitated by the ordered arrangement of the products of meiosis in Neurospora ascospores. Its entire genome of seven chromosomes has been sequenced. In its natural environment, N. crassa lives mainly in tropical and sub-tropical regions.It can be found growing on dead plant matter after fires.','heterotrophic','organotrophic','chemotrophic'),(375700,'Bacillus sp. G2DM-32',1386,'N',0,'bases','Bacilli are rod-shaped, Gram-positive, sporulating, aerobes or facultative anaerobes. Most bacilli are saprophytes. Each bacterium creates only one spore, which is resistant to heat, cold, radiation, desiccation, and disinfectants. Bacilli exhibit an array of physiologic abilities that allow them to live in a wide range of habitats, including many extreme habitats such as desert sands, hot springs, and Arctic soils. Species in the genus Bacillus can be thermophilic, psychrophilic, acidophilic, alkaliphilic, halotolerant, or halophilic and are capable at growing at pH values, temperatures, and salt concentrations where few other organisms can survive.','heterotrophic','organotrophic lithotrophic','chemotrophic'),(436913,'Erwinia sp. CU208',551,'N',0,'bases','Erwinia is a Gram-negative, rod-shaped bacterium that lives alone or aggregates into pairs and chains. Non-spore forming and peritrichously flagellated, Erwinia carotovora produces a number of extracellular plant cell wall degrading enzymes such as pectic enzymes that degrade pectin, cellulase that degrades cellulose, hemicellulases, arabanases, cyanoses and a protease. As a mesophilic bacterium, Erwinia thrives the most in the temperature range between 27 and 30 degrees Celsius.','heterotrophic','organotrophic lithotrophic','chemotrophic'),(443224,'Paraconiothyrium sp. WL-2',300251,'N',0,'bases','These fungi are of great societal interest because several species are known plant pathogens, biological control agents, bioremediators, and producers of metabolites with antimicrobial capabilities. Promotes oxidation of highly reactive oxidants in soil, such as Mn(III/IV) and can promote wood degradation. For further information please consult the Coniothyrium genus as the Paraconiothyrium genus is new and not well written on.','heterotrophic','organotrophic lithotrophic','chemotrophic'),(450181,'Cladosporium bruhnei',5498,'N',0,'bases','Cladosporium is a genus of fungi including some of the most common indoor and outdoor molds. Species produce olive-green to brown or black colonies, and have dark-pigmented conidia that are formed in simple or branching chains.','heterotrophic','organotrophic','chemotrophic'),(570416,'Bacillus thuringiensis serovar kurstaki YBT-1520',1386,'Y',6520413,'bases','\0B\0a\0c\0i\0l\0l\0u\0s\0 \0T\0h\0u\0r\0i\0n\0g\0i\0e\0n\0s\0i\0s\0 \0i\0s\0 \0a\0 \0G\0r\0a\0m\0-\0p\0o\0s\0i\0t\0i\0v\0e\0,\0 \0s\0o\0i\0l\0-\0d\0w\0e\0l\0l\0i\0n\0g\0 \0b\0a\0c\0t\0e\0r\0i\0u\0m\0,\0 \0c\0o\0m\0m\0o\0n\0l\0y\0 \0u\0s\0e\0d\0 \0a\0s\0 \0a\0 \0b\0i\0o\0l\0o\0g\0i\0c\0a\0l\0 \0p\0e\0s\0t\0i\0c\0i\0d\0e\0.\0 \0B\0.\0 \0t\0h\0u\0r\0i\0n\0g\0i\0e\0n\0s\0i\0s\0 \0a\0l\0s\0o\0 \0o\0c\0c\0u\0r\0s\0 \0n\0a\0t\0u\0r\0a\0l\0l\0y\0 \0i\0n\0 \0t\0h\0e\0 \0g\0u\0t\0 \0o\0f\0 \0c\0a\0t\0e\0r\0p\0i\0l\0l\0a\0r\0s\0 \0o\0f\0 \0v\0a\0r\0i\0o\0u\0s\0 \0t\0y\0p\0e\0s\0 \0o\0f\0 \0m\0o\0t\0h\0s\0 \0a\0n\0d\0 \0b\0u\0t\0t\0e\0r\0f\0l\0i\0e\0s\0,\0 \0a\0s\0 \0w\0e\0l\0l\0 \0o\0n\0 \0l\0e\0a\0f\0 \0s\0u\0r\0f\0a\0c\0e\0s\0,\0 \0a\0q\0u\0a\0t\0i\0c\0 \0e\0n\0v\0i\0r\0o\0n\0m\0e\0n\0t\0s\0,\0 \0a\0n\0i\0m\0a\0l\0 \0f\0e\0c\0e\0s\0,\0 \0i\0n\0s\0e\0c\0t\0-\0r\0i\0c\0h\0 \0e\0n\0v\0i\0r\0o\0n\0m\0e\0n\0t\0s\0,\0 \0a\0n\0d\0 \0f\0l\0o\0u\0r\0 \0m\0i\0l\0l\0s\0 \0a\0n\0d\0 \0g\0r\0a\0i\0n\0-\0s\0t\0o\0r\0a\0g\0e\0 \0f\0a\0c\0i\0l\0i\0t\0i\0e\0s\0.\0 \0B\0T\0 \0h\0a\0s\0 \0t\0w\0o\0 \0p\0h\0a\0s\0e\0s\0 \0o\0f\0 \0l\0i\0f\0e\0 \0c\0y\0c\0l\0e\0.\0 \0O\0n\0e\0 \0p\0h\0a\0s\0e\0 \0i\0s\0 \0t\0h\0e\0 \0v\0e\0g\0e\0t\0a\0t\0i\0v\0e\0 \0c\0e\0l\0l\0 \0d\0i\0v\0i\0s\0i\0o\0n\0 \0a\0n\0d\0 \0s\0p\0o\0r\0u\0l\0a\0t\0i\0o\0n\0.\0 \0D\0u\0r\0i\0n\0g\0 \0s\0p\0o\0r\0u\0l\0a\0t\0i\0o\0n\0,\0 \0m\0a\0n\0y\0 \0B\0t\0 \0s\0t\0r\0a\0i\0n\0s\0 \0p\0r\0o\0d\0u\0c\0e\0 \0c\0r\0y\0s\0t\0a\0l\0 \0p\0r\0o\0t\0e\0i\0n\0s\0 \0(\0p\0r\0o\0t\0e\0i\0n\0a\0c\0e\0o\0u\0s\0 \0i\0n\0c\0l\0u\0s\0i\0o\0n\0s\0)\0,\0 \0c\0a\0l\0l\0e\0d\0 \0-\0e\0n\0d\0o\0t\0o\0x\0i\0n\0s\0,\0 \0t\0h\0a\0t\0 \0h\0a\0v\0e\0 \0i\0n\0s\0e\0c\0t\0i\0c\0i\0d\0a\0l\0 \0a\0c\0t\0i\0o\0n\0.\0 \0T\0h\0i\0s\0 \0h\0a\0s\0 \0l\0e\0d\0 \0t\0o\0 \0t\0h\0e\0i\0r\0 \0u\0s\0e\0 \0a\0s\0 \0i\0n\0s\0e\0c\0t\0i\0c\0i\0d\0e\0s\0,\0 \0a\0n\0d\0 \0m\0o\0r\0e\0 \0r\0e\0c\0e\0n\0t\0l\0y\0 \0t\0o\0 \0g\0e\0n\0e\0t\0i\0c\0a\0l\0l\0y\0 \0m\0o\0d\0i\0f\0i\0e\0d\0 \0c\0r\0o\0p\0s\0 \0u\0s\0i\0n\0g\0 \0B\0t\0 \0g\0e\0n\0e\0s\0,\0 \0s\0u\0c\0h\0 \0a\0s\0 \0B\0t\0 \0c\0o\0r\0n\0.\0 \0M\0a\0n\0y\0 \0c\0r\0y\0s\0t\0a\0l\0-\0p\0r\0o\0d\0u\0c\0i\0n\0g\0 \0B\0t\0 \0s\0t\0r\0a\0i\0n\0s\0,\0 \0t\0h\0o\0u\0g\0h\0,\0 \0d\0o\0 \0n\0o\0t\0 \0h\0a\0v\0e\0 \0i\0n\0s\0e\0c\0t\0i\0c\0i\0d\0a\0l\0 \0p\0r\0o\0p\0e\0r\0t\0i\0e\0s\0.','heterotrophic','organotrophic lithotrophic','chemotrophic'),(596312,'Micrococcus luteus SK58',1269,'Y',2622687,'bases','Micrococcus are Gram-positive cocci that are 0.5 to 3.5 micrometers in diameter and usually arranged in tetrads or irregular clusters. Micrococcus is generally thought of as harmless bacterium, but there have been rare cases of Micrococcus infections in people with compromised immune systems, as occurs with HIV patients. M. lutues can be mistaken for S. aureus. The two species share similar colony morphology as well as a similar yellow colony color. To distinguish between the two, a bacitracin test may be performed. M. lutues does not grow in the presence of bacitracin, and will leave a clear ring with no growth on the dish around the bacitracin disk. M. luteus is unique in its ability to absorb UV radiation. M. luteus has been isolated from human skin, animal and dairy products, and beer.','heterotrophic','lithotrophic','chemotrophic'),(660596,'Pantoea stewartii subsp. stewartii DC283',53335,'Y',5233214,'bases','\0P\0a\0n\0t\0o\0e\0a\0 \0s\0t\0e\0w\0a\0r\0t\0i\0i\0 \0i\0s\0 \0a\0 \0n\0o\0n\0m\0o\0t\0i\0l\0e\0,\0 \0f\0a\0c\0u\0l\0t\0a\0t\0i\0v\0e\0 \0a\0n\0a\0e\0r\0o\0b\0i\0c\0,\0 \0g\0r\0a\0m\0 \0n\0e\0g\0a\0t\0i\0v\0e\0,\0 \0r\0o\0d\0-\0s\0h\0a\0p\0e\0d\0 \0b\0a\0c\0t\0e\0r\0i\0u\0m\0 \0t\0h\0a\0t\0 \0c\0a\0u\0s\0e\0s\0 \0S\0t\0e\0w\0a\0r\0t \0s\0 \0w\0i\0l\0t\0 \0a\0n\0d\0 \0l\0e\0a\0f\0 \0b\0l\0i\0g\0h\0t\0 \0d\0i\0s\0e\0a\0s\0e\0 \0o\0n\0 \0m\0a\0i\0z\0e\0 \0(\0p\0a\0r\0t\0i\0c\0u\0l\0a\0r\0l\0y\0 \0s\0w\0e\0e\0t\0 \0c\0o\0r\0n\0)\0,\0 \0f\0l\0i\0n\0t\0,\0 \0d\0e\0n\0t\0,\0 \0f\0l\0o\0w\0e\0r\0,\0 \0a\0n\0d\0 \0p\0o\0p\0c\0o\0r\0n\0.\0 \0P\0a\0n\0t\0o\0e\0a\0 \0b\0a\0c\0t\0e\0r\0i\0a\0 \0a\0r\0e\0 \0y\0e\0l\0l\0o\0w\0 \0p\0i\0g\0m\0e\0n\0t\0e\0d\0,\0 \0f\0e\0r\0m\0e\0n\0t\0 \0l\0a\0c\0t\0o\0s\0e\0,\0 \0a\0r\0e\0 \0m\0o\0t\0i\0l\0e\0,\0 \0a\0n\0d\0 \0f\0o\0r\0m\0 \0m\0u\0c\0o\0i\0d\0 \0c\0o\0l\0o\0n\0i\0e\0s\0.\0 \0B\0e\0s\0i\0d\0e\0s\0 \0t\0h\0a\0t\0,\0 \0s\0o\0m\0e\0 \0o\0f\0 \0t\0h\0e\0 \0s\0p\0e\0c\0i\0e\0s\0 \0s\0h\0o\0w\0 \0q\0u\0o\0r\0u\0m\0 \0s\0e\0n\0s\0i\0n\0g\0 \0a\0b\0i\0l\0i\0t\0y\0 \0t\0h\0a\0t\0 \0c\0o\0u\0l\0d\0 \0d\0r\0i\0v\0e\0 \0d\0i\0f\0f\0e\0r\0e\0n\0t\0 \0g\0e\0n\0e\0 \0e\0x\0p\0r\0e\0s\0s\0i\0o\0n\0 \0h\0e\0n\0c\0e\0 \0c\0o\0n\0t\0r\0o\0l\0l\0i\0n\0g\0 \0c\0e\0r\0t\0a\0i\0n\0 \0p\0h\0y\0s\0i\0o\0l\0o\0g\0i\0c\0a\0l\0 \0a\0c\0t\0i\0v\0i\0t\0i\0e\0s\0.','heterotrophic','organotrophic','chemotrophic'),(904802,'Staphylococcus aureus subsp. aureus CO-98',1279,'Y',2515585,'bases','Staphylococci are spherical gram-positive bacteria, which are immobile and form grape-like clusters. They form bunches because they divide in two planes as opposed to their close relatives streptococci which form chains because they divide only in one plane. Colonies formed by S. aureus are yellow (thus the name aureus, Latin for gold) and grow large on a rich medium. Staphylococcus aureus and their genus Staphylococci are facultative anaerobes which means they grow by aerobic respiration or fermentation that produces lactic acid. Approximately 30% of the normal healthy population is affected by S. aureus as it asymptomatically colonizes on the skin of human hosts.','heterotrophic','organotrophic lithotrophic','chemotrophic'),(996285,'Pseudomonas stutzeri DSM 4166',286,'N',0,'bases','Pseudomonas stutzeri is a gram-negative bacterium that is known for its diverse metabolism. Individual P. stutzeri are rod-shaped and have a single polar flagellum. Cells are approximately 1-3um long and 0.5um in diameter. Colonies are disc shaped with ridges radiating from the center.','heterotrophic','organotrophic lithotrophic','chemotrophic'),(1138452,'Bacillus megaterium NCT-2',469,'Y',5323778,'bases','Bacillus megaterium is a rod-like, Gram-positive, mainly aerobic spore forming bacterium found in widely diverse habitats. With a cell length of up to 4 m and a diameter of 1.5 m, B. megaterium is amongst the biggest known bacteria. The cells often occur in pairs and chains, where the cells are joined together by polysaccharides on the cell walls. B. megaterium has been an important industrial organism for decades. It produces penicillin amidase used to make synthetic penicillin, various amylases used in the baking industry and glucose dehydrogenase used in glucose blood tests. Further, it is used for the production of pyruvate, vitamin B12, drugs with fungicidal and antiviral properties, etc.','heterotrophic','organotrophic lithotrophic','chemotrophic'),(1144661,'Acinetobacter sp. CIP 101934',286,'Y',3186404,'bases','Acinetobacter is a genus of Gram-negative bacteria belonging to the wider class of Gammaproteobacteria. Acinetobacter species are oxidase-negative and non-motile, and occur in pairs under magnification.\nThey are important soil organisms, where they contribute to the mineralization of, for example, aromatic compounds. Acinetobacter species are a key source of infection in debilitated patients in the hospital, in particular the species Acinetobacter baumannii.','heterotrophic','organotrophic','chemotrophic'),(1215114,'Pseudomonas parafulva NBRC 16636',286,'Y',4954362,'bases','Pseudomonas bacteria are generally aerobic rod-shaped bacteria that are known for their metabolic diversity. Some species of this bacteria, such as P. aeruginosa, are opportunistic pathogens that secrete extracellular proteases and adhere and invade host tissue. This bacteria is an opportunistic pathogen that affect humans, animals, and plants. Pseudomonas aeruginosa, called the \"epitome\" of opportunistic pathogens, almost never infects uncompromised tissues; however, it can infect practically any type of tissue if that tissue has some type of compromised defense. Pseudomonas species are also responsible for the spoilage of milk even after the process of pasteuriztion.','heterotrophic','organotrophic lithotrophic','chemotrophic'),(1219687,'Bacillus sp. 2385',1386,'N',0,'bases','Bacillus is a genus of gram-positive, rod-shaped (bacillus) bacteria and a member of the phylum Firmicutes. Bacillus species can be obligate aerobes (oxygen reliant), or facultative anaerobes (having the ability to be aerobic or anaerobic). They will test positive for the enzyme catalase when there has been oxygen used or present.Ubiquitous in nature, Bacillus includes both free-living (nonparasitic) and parasitic pathogenic species. Under stressful environmental conditions, the bacteria can produce oval endospores that are not true \'spores\', but to which the bacteria can reduce themselves and remain in a dormant state for very long periods.','heterotrophic','organotrophic lithotrophic','chemotrophic'),(1239307,'Sodalis sp.  HS1',84565,'Y',5159425,'bases','No information available as species unconfirmed and too much variation within the genus. (tsetse S-endosymbionts)','heterotrophic','organotrophic lithotrophic','chemotrophic'),(1305732,'Microbacterium sp. KROCY2',33882,'Y',2765822,'bases','high GC Gram+. No Species data available.','heterotrophic','No information','No information'),(1310833,'Acinetobacter baumannii 796380-1375',286,'Y',4146084,'bases','A. baumannii is an encapsulated Gram-negative coccobacilli bacteria that is generally non-motile. Previously named Acinetobacter calcoaceticus, it is an opportunistic pathogen found in soil and water. One of the first Acientobacter found in soil was discovered in 1911 by M.W. Beijerinck. In the 1970s A. baumannii was susceptible to common antibiotics, but has now developed into a multidrug-resistant bacteria, capable of acquiring resistance genes. One of the first antibiotic resistant strains of A. baumannii called carbapenem-resistant A. baumanni (CRAB) was isolated in 1991. A. baumannii generally affects patients with low immune systems, which has caused nosocomial infections and major concerns in hospitals given the ability of A. baumannii to live on a variety of hospital surfaces such as surgical drains and catheters.','heterotrophic','organotrophic','chemotrophic'),(1329833,'Enterobacter sp. MGH 37',547,'Y',5073939,'bases','Enterobacter bacteria are motile, rod-shaped cells, some of which are encapsulated. They also possess peritrichous flagella. Limited information as species unknown.','heterotrophic','organotrophic lithotrophic','chemotrophic'),(1329856,'Enterobacter cloacae UCICRE 12',547,'Y',5198067,'bases','\0E\0n\0t\0e\0r\0o\0b\0a\0c\0t\0e\0r\0 \0c\0l\0o\0a\0c\0a\0e\0 \0i\0s\0 \0a\0 \0r\0o\0d\0-\0s\0h\0a\0p\0e\0d\0,\0 \0g\0r\0a\0m\0-\0n\0e\0g\0a\0t\0i\0v\0e\0 \0b\0a\0c\0t\0e\0r\0i\0a\0 \0f\0r\0o\0m\0 \0t\0h\0e\0 \0E\0n\0t\0e\0r\0o\0b\0a\0c\0t\0e\0r\0i\0a\0c\0e\0a\0e\0 \0f\0a\0m\0i\0l\0y\0.\0 \0T\0h\0e\0 \0s\0i\0z\0e\0 \0o\0f\0 \0t\0h\0i\0s\0 \0b\0a\0c\0t\0e\0r\0i\0a\0 \0r\0a\0n\0g\0e\0s\0 \0f\0r\0o\0m\0 \00\0.\03\0-\00\0.\06\0 \0x\0 \00\0.\08\0-\02\0.\00\0 \0m\0.\0 \0E\0n\0t\0e\0r\0o\0b\0a\0c\0t\0e\0r\0 \0c\0l\0o\0a\0c\0a\0e\0 \0a\0r\0e\0 \0n\0o\0s\0o\0c\0o\0m\0i\0a\0l\0 \0p\0a\0t\0h\0o\0g\0e\0n\0s\0 \0t\0h\0a\0t\0 \0c\0a\0n\0 \0c\0a\0u\0s\0e\0 \0a\0 \0r\0a\0n\0g\0e\0 \0o\0f\0 \0i\0n\0f\0e\0c\0t\0i\0o\0n\0s\0 \0s\0u\0c\0h\0 \0a\0s\0 \0b\0a\0c\0t\0e\0r\0e\0m\0i\0a\0,\0 \0l\0o\0w\0e\0r\0 \0r\0e\0s\0p\0i\0r\0a\0t\0o\0r\0y\0 \0t\0r\0a\0c\0t\0 \0i\0n\0f\0e\0c\0t\0i\0o\0n\0,\0 \0s\0k\0i\0n\0 \0a\0n\0d\0 \0s\0o\0f\0t\0 \0t\0i\0s\0s\0u\0e\0 \0i\0n\0f\0e\0c\0t\0i\0o\0n\0s\0,\0 \0u\0r\0i\0n\0a\0r\0y\0 \0t\0r\0a\0c\0t\0 \0i\0n\0f\0e\0c\0t\0i\0o\0n\0s\0,\0 \0e\0n\0d\0o\0c\0a\0r\0d\0i\0t\0i\0s\0,\0 \0i\0n\0t\0r\0a\0-\0a\0b\0d\0o\0m\0i\0n\0a\0l\0 \0i\0n\0f\0e\0c\0t\0i\0o\0n\0s\0,\0 \0s\0e\0p\0t\0i\0c\0 \0a\0r\0t\0h\0r\0i\0t\0i\0s\0,\0 \0o\0s\0t\0e\0o\0m\0y\0e\0l\0i\0t\0i\0s\0,\0 \0a\0n\0d\0 \0o\0p\0h\0t\0h\0a\0l\0m\0i\0c\0 \0i\0n\0f\0e\0c\0t\0i\0o\0n\0s\0.\0 \0E\0n\0t\0e\0r\0o\0b\0a\0c\0t\0e\0r\0 \0c\0l\0o\0a\0c\0a\0e\0 \0i\0n\0f\0e\0c\0t\0i\0o\0n\0s\0 \0h\0a\0v\0e\0 \0t\0h\0e\0 \0h\0i\0g\0h\0e\0s\0t\0 \0m\0o\0r\0t\0a\0l\0i\0t\0y\0 \0r\0a\0t\0e\0 \0c\0o\0m\0p\0a\0r\0e\0d\0 \0t\0o\0 \0o\0t\0h\0e\0r\0 \0E\0n\0t\0e\0r\0o\0b\0a\0c\0t\0e\0r\0 \0i\0n\0f\0e\0c\0t\0i\0o\0n\0s\0.\0 \0E\0n\0t\0e\0r\0o\0b\0a\0c\0t\0e\0r\0 \0c\0l\0o\0a\0c\0a\0e\0 \0l\0i\0v\0e\0s\0 \0i\0n\0 \0t\0h\0e\0 \0m\0e\0s\0o\0p\0h\0i\0l\0i\0c\0 \0e\0n\0v\0i\0r\0o\0n\0m\0e\0n\0t\0 \0w\0i\0t\0h\0 \0i\0t\0s\0 \0o\0p\0t\0i\0m\0a\0l\0 \0t\0e\0m\0p\0e\0r\0a\0t\0u\0r\0e\0 \0a\0t\0 \03\07\0 \0\0C\0 \0a\0n\0d\0 \0u\0s\0e\0s\0 \0i\0t\0s\0 \0p\0e\0r\0i\0t\0r\0i\0c\0h\0o\0u\0s\0 \0f\0l\0a\0g\0e\0l\0l\0a\0 \0f\0o\0r\0 \0m\0o\0v\0e\0m\0e\0n\0t\0.\0 ','heterotrophic','organotrophic lithotrophic','chemotrophic'),(1341679,'Acinetobacter indicus CIP 110367',286,'Y',3210203,'bases','Acinetobacter indicus is a Gram-negative, oxidase-negative, catalase-positive, strictly aerobic nonmotile bacterium from the genus Acinetobacter.','heterotrophic','organotrophic','chemotrophic'),(1344956,'Microbacterium sp. TS-1',33882,'Y',3396165,'bases','high GC Gram+. No Species data available.','heterotrophic','No information','No information'),(1348623,'Bacillus megaterium NBRC 15308 = ATCC 14581',469,'Y',5746640,'bases','Bacillus megaterium is a rod-like, Gram-positive, mainly aerobic spore forming bacterium found in widely diverse habitats. With a cell length of up to 4 m and a diameter of 1.5 m, B. megaterium is amongst the biggest known bacteria. The cells often occur in pairs and chains, where the cells are joined together by polysaccharides on the cell walls. B. megaterium has been an important industrial organism for decades. It produces penicillin amidase used to make synthetic penicillin, various amylases used in the baking industry and glucose dehydrogenase used in glucose blood tests. Further, it is used for the production of pyruvate, vitamin B12, drugs with fungicidal and antiviral properties, etc.','heterotrophic','organotrophic lithotrophic','chemotrophic'),(1358411,'Pantoea dispersa EGD-AAK13',53335,'Y',4764584,'bases','Pantoea is a genus of Gram-negative bacteria of the family Enterobacteriaceae, recently separated from the Enterobacter genus. This genus includes at least 20 species. Pantoea bacteria are yellow pigmented,ferment lactose, are motile, and form mucoid colonies. Besides that, some of the species show quorum sensing ability that could drive different gene expression hence controlling certain physiological activities.','heterotrophic','organotrophic','chemotrophic'),(1761774,'Burkholderia sp. B13',32008,'Y',3579262,'bases','Burkholderia bacteria are rod-shaped, motile, Gram-negative bacteria that are capable of both pathogenic characteristics and degrading PCBs. Burkholderia bacteria are both human and plant pathogens as well as environmentally important bacteria. Burkholderia fungorum strain LB400 and other closely related Burkhoderia strains are good biodegraders of polychlorinated biphenyls (PCBs) with \"unparalleled ability to destroy environmentally important PCB congeners\" (DOE). Conversely, Burkholderia pseudomallei is the causative agent of melioidosis, as disease that harms both humans and animals, as well as septicemia and pneumonia in susceptible individuals (Godoy et al. 2003). Burkholderia and related bacteria have been found at soils of all tempuratures including Arctic soil of 7oC.','heterotrophic','lithotrophic','chemotrophic');
/*!40000 ALTER TABLE `species_strain` ENABLE KEYS */;
UNLOCK TABLES;

--
-- Table structure for table `users`
--

DROP TABLE IF EXISTS `users`;
/*!40101 SET @saved_cs_client     = @@character_set_client */;
/*!40101 SET character_set_client = utf8 */;
CREATE TABLE `users` (
  `user_id` int(11) NOT NULL AUTO_INCREMENT,
  `user_name` varchar(30) NOT NULL,
  `password` varchar(20) NOT NULL,
  `role` varchar(20) NOT NULL,
  PRIMARY KEY (`user_id`),
  UNIQUE KEY `user_name` (`user_name`)
) ENGINE=InnoDB AUTO_INCREMENT=22 DEFAULT CHARSET=latin1;
/*!40101 SET character_set_client = @saved_cs_client */;

--
-- Dumping data for table `users`
--

LOCK TABLES `users` WRITE;
/*!40000 ALTER TABLE `users` DISABLE KEYS */;
INSERT INTO `users` VALUES (1,'Akira','default','user'),(2,'Caroline','default','user'),(3,'James','default','user'),(4,'Megan','default','user'),(5,'Dana','default','user'),(6,'Enzo','default','user'),(7,'Nicolas','default','user'),(8,'Sandra','default','user'),(9,'Prem','default','admin'),(10,'Sebastian','default','admin'),(11,'Rikky','default','user'),(12,'Hie Lim','default','user'),(13,'Federico','default','user'),(14,'Elena','default','user'),(15,'Daniela','default','user'),(16,'Cassie','default','admin'),(17,'Anthony','default','user'),(18,'Ana','default','user'),(19,'Stephan','default','user'),(20,'Viacheslav','default','admin'),(21,'Wen Jia','default','user');
/*!40000 ALTER TABLE `users` ENABLE KEYS */;
UNLOCK TABLES;
/*!40103 SET TIME_ZONE=@OLD_TIME_ZONE */;

/*!40101 SET SQL_MODE=@OLD_SQL_MODE */;
/*!40014 SET FOREIGN_KEY_CHECKS=@OLD_FOREIGN_KEY_CHECKS */;
/*!40014 SET UNIQUE_CHECKS=@OLD_UNIQUE_CHECKS */;
/*!40101 SET CHARACTER_SET_CLIENT=@OLD_CHARACTER_SET_CLIENT */;
/*!40101 SET CHARACTER_SET_RESULTS=@OLD_CHARACTER_SET_RESULTS */;
/*!40101 SET COLLATION_CONNECTION=@OLD_COLLATION_CONNECTION */;
/*!40111 SET SQL_NOTES=@OLD_SQL_NOTES */;

-- Dump completed on 2016-06-16 15:03:59
